ids,label
0,6
1,1
2,1
3,4
4,4
5,2
6,0
7,4
8,9
9,3
10,4
11,5
12,2
13,0
14,6
15,9
16,1
17,1
18,8
19,7
20,7
21,0
22,4
23,7
24,9
25,1
26,2
27,6
28,6
29,0
30,1
31,0
32,5
33,2
34,8
35,3
36,9
37,9
38,2
39,8
40,4
41,7
42,9
43,0
44,7
45,5
46,4
47,0
48,4
49,1
50,2
51,5
52,3
53,7
54,6
55,0
56,4
57,4
58,9
59,5
60,1
61,5
62,4
63,3
64,0
65,8
66,8
67,4
68,6
69,3
70,9
71,9
72,1
73,8
74,8
75,6
76,5
77,7
78,0
79,7
80,9
81,0
82,0
83,4
84,9
85,1
86,1
87,9
88,8
89,6
90,5
91,9
92,2
93,9
94,6
95,0
96,0
97,4
98,7
99,1
100,1
101,9
102,9
103,2
104,8
105,0
106,5
107,1
108,9
109,1
110,9
111,6
112,4
113,6
114,7
115,2
116,4
117,2
118,7
119,5
120,9
121,6
122,8
123,2
124,7
125,7
126,9
127,2
128,2
129,1
130,0
131,8
132,0
133,1
134,0
135,4
136,1
137,2
138,3
139,2
140,3
141,0
142,6
143,1
144,7
145,0
146,2
147,0
148,9
149,9
150,9
151,2
152,1
153,2
154,0
155,8
156,1
157,2
158,2
159,1
160,7
161,5
162,3
163,6
164,5
165,0
166,5
167,8
168,3
169,1
170,8
171,4
172,4
173,9
174,2
175,4
176,3
177,3
178,6
179,6
180,9
181,6
182,4
183,1
184,3
185,2
186,8
187,1
188,7
189,3
190,1
191,2
192,9
193,4
194,4
195,0
196,7
197,2
198,9
199,6
200,1
201,9
202,5
203,9
204,3
205,6
206,0
207,7
208,6
209,9
210,9
211,6
212,3
213,4
214,7
215,9
216,3
217,2
218,0
219,0
220,4
221,8
222,6
223,1
224,9
225,5
226,0
227,4
228,9
229,8
230,5
231,5
232,0
233,3
234,1
235,7
236,8
237,1
238,1
239,3
240,1
241,0
242,8
243,7
244,9
245,5
246,7
247,8
248,3
249,6
250,0
251,6
252,3
253,9
254,2
255,2
256,3
257,7
258,0
259,4
260,4
261,8
262,4
263,7
264,6
265,5
266,5
267,0
268,7
269,1
270,8
271,3
272,1
273,1
274,0
275,5
276,7
277,2
278,1
279,1
280,0
281,2
282,3
283,4
284,0
285,7
286,9
287,7
288,8
289,9
290,3
291,3
292,3
293,5
294,8
295,0
296,2
297,2
298,3
299,1
300,4
301,4
302,7
303,7
304,2
305,9
306,2
307,9
308,0
309,1
310,3
311,9
312,7
313,0
314,5
315,7
316,4
317,6
318,8
319,5
320,6
321,5
322,0
323,7
324,8
325,0
326,6
327,5
328,4
329,7
330,3
331,1
332,7
333,7
334,1
335,0
336,4
337,4
338,3
339,6
340,8
341,3
342,9
343,8
344,3
345,2
346,4
347,2
348,2
349,4
350,8
351,9
352,4
353,5
354,8
355,2
356,8
357,4
358,7
359,3
360,4
361,9
362,3
363,4
364,9
365,3
366,9
367,2
368,9
369,3
370,9
371,7
372,6
373,5
374,4
375,3
376,7
377,5
378,8
379,4
380,8
381,8
382,5
383,4
384,9
385,8
386,2
387,9
388,8
389,4
390,8
391,6
392,4
393,6
394,6
395,2
396,9
397,9
398,7
399,4
400,1
401,3
402,8
403,3
404,9
405,2
406,4
407,5
408,5
409,2
410,9
411,8
412,1
413,1
414,4
415,4
416,2
417,6
418,1
419,1
420,7
421,2
422,5
423,9
424,8
425,1
426,9
427,5
428,8
429,5
430,9
431,3
432,9
433,2
434,3
435,3
436,5
437,2
438,0
439,2
440,1
441,0
442,1
443,1
444,7
445,5
446,6
447,1
448,5
449,5
450,4
451,1
452,0
453,2
454,9
455,9
456,2
457,2
458,4
459,6
460,0
461,6
462,6
463,6
464,7
465,6
466,2
467,8
468,5
469,2
470,7
471,5
472,4
473,1
474,5
475,1
476,3
477,3
478,1
479,9
480,8
481,0
482,3
483,6
484,4
485,0
486,4
487,0
488,2
489,7
490,2
491,9
492,5
493,3
494,8
495,3
496,2
497,1
498,7
499,4
500,3
501,0
502,4
503,3
504,6
505,3
506,1
507,9
508,4
509,8
510,1
511,0
512,4
513,1
514,3
515,8
516,0
517,2
518,0
519,2
520,5
521,3
522,1
523,6
524,1
525,9
526,0
527,4
528,6
529,5
530,4
531,1
532,7
533,8
534,9
535,5
536,3
537,8
538,2
539,0
540,0
541,7
542,7
543,5
544,3
545,8
546,8
547,8
548,1
549,1
550,4
551,0
552,4
553,4
554,1
555,7
556,4
557,9
558,5
559,3
560,0
561,7
562,6
563,6
564,5
565,6
566,3
567,4
568,0
569,5
570,3
571,4
572,9
573,9
574,9
575,2
576,0
577,7
578,8
579,0
580,4
581,9
582,5
583,8
584,3
585,4
586,8
587,9
588,9
589,3
590,7
591,5
592,0
593,9
594,2
595,4
596,4
597,2
598,2
599,3
600,7
601,3
602,3
603,5
604,9
605,9
606,3
607,8
608,1
609,9
610,0
611,9
612,3
613,4
614,8
615,7
616,6
617,4
618,6
619,0
620,9
621,7
622,5
623,2
624,1
625,5
626,7
627,6
628,7
629,4
630,2
631,1
632,3
633,2
634,1
635,7
636,0
637,8
638,8
639,7
640,0
641,2
642,4
643,7
644,2
645,9
646,9
647,9
648,8
649,3
650,4
651,6
652,5
653,2
654,9
655,5
656,4
657,1
658,1
659,2
660,0
661,4
662,5
663,5
664,2
665,7
666,9
667,6
668,4
669,3
670,9
671,8
672,2
673,5
674,5
675,1
676,3
677,9
678,4
679,7
680,5
681,0
682,3
683,4
684,0
685,0
686,4
687,5
688,3
689,6
690,0
691,8
692,0
693,6
694,0
695,5
696,9
697,3
698,3
699,2
700,7
701,0
702,4
703,1
704,4
705,1
706,5
707,2
708,1
709,6
710,6
711,0
712,9
713,6
714,2
715,0
716,8
717,9
718,0
719,3
720,7
721,7
722,7
723,3
724,1
725,5
726,8
727,3
728,3
729,4
730,7
731,5
732,9
733,2
734,4
735,9
736,9
737,6
738,2
739,2
740,1
741,3
742,0
743,8
744,0
745,2
746,3
747,5
748,3
749,1
750,2
751,9
752,2
753,9
754,9
755,2
756,1
757,1
758,8
759,3
760,3
761,7
762,4
763,4
764,2
765,8
766,3
767,9
768,0
769,1
770,0
771,3
772,8
773,2
774,1
775,8
776,7
777,4
778,6
779,0
780,3
781,6
782,8
783,2
784,2
785,4
786,2
787,3
788,8
789,0
790,9
791,7
792,3
793,9
794,4
795,9
796,7
797,3
798,5
799,9
800,5
801,8
802,2
803,4
804,8
805,0
806,1
807,0
808,9
809,0
810,0
811,1
812,5
813,4
814,8
815,0
816,8
817,8
818,0
819,3
820,9
821,0
822,9
823,9
824,7
825,1
826,2
827,5
828,1
829,4
830,2
831,0
832,9
833,3
834,0
835,5
836,7
837,4
838,6
839,3
840,4
841,5
842,9
843,3
844,3
845,7
846,3
847,8
848,5
849,2
850,5
851,3
852,3
853,4
854,1
855,8
856,4
857,4
858,7
859,3
860,5
861,0
862,3
863,0
864,1
865,4
866,5
867,3
868,3
869,6
870,7
871,2
872,4
873,7
874,1
875,1
876,4
877,3
878,5
879,7
880,8
881,3
882,4
883,0
884,3
885,9
886,8
887,3
888,7
889,2
890,3
891,3
892,4
893,0
894,9
895,8
896,9
897,8
898,5
899,1
900,8
901,8
902,7
903,3
904,5
905,8
906,9
907,6
908,0
909,7
910,9
911,9
912,7
913,9
914,8
915,1
916,6
917,3
918,4
919,7
920,0
921,5
922,1
923,9
924,6
925,4
926,9
927,4
928,0
929,2
930,9
931,9
932,3
933,9
934,4
935,3
936,5
937,8
938,2
939,7
940,1
941,3
942,2
943,2
944,4
945,0
946,6
947,1
948,2
949,4
950,3
951,9
952,9
953,1
954,7
955,8
956,6
957,6
958,1
959,1
960,0
961,4
962,0
963,4
964,8
965,9
966,4
967,5
968,0
969,8
970,8
971,2
972,5
973,8
974,6
975,3
976,3
977,6
978,4
979,8
980,0
981,3
982,6
983,1
984,0
985,1
986,6
987,5
988,1
989,9
990,2
991,9
992,9
993,0
994,6
995,2
996,2
997,8
998,8
999,6
1000,9
1001,2
1002,4
1003,0
1004,2
1005,6
1006,1
1007,4
1008,1
1009,5
1010,0
1011,8
1012,8
1013,6
1014,8
1015,0
1016,9
1017,5
1018,2
1019,9
1020,0
1021,0
1022,3
1023,7
1024,8
1025,1
1026,9
1027,8
1028,7
1029,7
1030,0
1031,0
1032,1
1033,1
1034,7
1035,8
1036,6
1037,5
1038,8
1039,9
1040,2
1041,1
1042,0
1043,1
1044,5
1045,1
1046,6
1047,6
1048,6
1049,0
1050,0
1051,1
1052,2
1053,2
1054,6
1055,9
1056,0
1057,4
1058,7
1059,8
1060,4
1061,4
1062,8
1063,2
1064,4
1065,2
1066,5
1067,2
1068,2
1069,9
1070,6
1071,9
1072,3
1073,8
1074,9
1075,3
1076,5
1077,7
1078,5
1079,5
1080,8
1081,1
1082,3
1083,7
1084,7
1085,4
1086,6
1087,0
1088,5
1089,7
1090,3
1091,2
1092,4
1093,8
1094,1
1095,0
1096,9
1097,3
1098,5
1099,3
1100,2
1101,2
1102,4
1103,1
1104,9
1105,2
1106,7
1107,0
1108,1
1109,3
1110,4
1111,0
1112,4
1113,4
1114,0
1115,7
1116,8
1117,0
1118,3
1119,9
1120,9
1121,5
1122,3
1123,3
1124,1
1125,6
1126,3
1127,1
1128,9
1129,3
1130,7
1131,0
1132,1
1133,4
1134,0
1135,9
1136,3
1137,2
1138,4
1139,3
1140,7
1141,9
1142,8
1143,3
1144,8
1145,5
1146,1
1147,9
1148,7
1149,8
1150,7
1151,6
1152,6
1153,4
1154,2
1155,9
1156,9
1157,8
1158,5
1159,0
1160,8
1161,5
1162,1
1163,8
1164,6
1165,2
1166,3
1167,5
1168,4
1169,0
1170,5
1171,3
1172,7
1173,7
1174,3
1175,2
1176,7
1177,8
1178,3
1179,1
1180,0
1181,1
1182,3
1183,1
1184,1
1185,0
1186,2
1187,2
1188,3
1189,0
1190,1
1191,4
1192,5
1193,5
1194,6
1195,2
1196,0
1197,7
1198,5
1199,8
1200,9
1201,9
1202,0
1203,2
1204,0
1205,2
1206,6
1207,0
1208,7
1209,4
1210,7
1211,4
1212,6
1213,5
1214,6
1215,7
1216,1
1217,6
1218,9
1219,8
1220,7
1221,2
1222,1
1223,7
1224,2
1225,2
1226,6
1227,7
1228,7
1229,9
1230,5
1231,3
1232,7
1233,5
1234,4
1235,3
1236,7
1237,6
1238,7
1239,2
1240,3
1241,5
1242,1
1243,4
1244,8
1245,9
1246,9
1247,2
1248,9
1249,4
1250,2
1251,0
1252,1
1253,7
1254,9
1255,0
1256,8
1257,3
1258,1
1259,5
1260,2
1261,3
1262,8
1263,8
1264,3
1265,4
1266,0
1267,8
1268,6
1269,9
1270,3
1271,2
1272,6
1273,7
1274,1
1275,4
1276,3
1277,0
1278,3
1279,1
1280,1
1281,9
1282,9
1283,6
1284,0
1285,4
1286,9
1287,6
1288,6
1289,6
1290,4
1291,3
1292,0
1293,8
1294,3
1295,4
1296,4
1297,9
1298,0
1299,9
1300,3
1301,3
1302,3
1303,1
1304,0
1305,3
1306,3
1307,7
1308,5
1309,0
1310,9
1311,4
1312,9
1313,8
1314,6
1315,2
1316,0
1317,7
1318,2
1319,0
1320,3
1321,0
1322,7
1323,0
1324,9
1325,0
1326,3
1327,1
1328,4
1329,0
1330,7
1331,8
1332,1
1333,0
1334,2
1335,6
1336,4
1337,2
1338,2
1339,4
1340,8
1341,4
1342,6
1343,9
1344,1
1345,8
1346,2
1347,1
1348,8
1349,5
1350,7
1351,8
1352,1
1353,0
1354,5
1355,9
1356,0
1357,2
1358,4
1359,8
1360,4
1361,2
1362,2
1363,3
1364,7
1365,0
1366,7
1367,7
1368,0
1369,2
1370,8
1371,9
1372,9
1373,1
1374,0
1375,1
1376,8
1377,2
1378,2
1379,8
1380,5
1381,7
1382,5
1383,4
1384,0
1385,0
1386,4
1387,2
1388,4
1389,8
1390,5
1391,5
1392,8
1393,6
1394,0
1395,0
1396,9
1397,0
1398,8
1399,9
1400,3
1401,1
1402,5
1403,8
1404,8
1405,5
1406,4
1407,4
1408,5
1409,0
1410,3
1411,6
1412,8
1413,8
1414,6
1415,3
1416,8
1417,9
1418,7
1419,9
1420,8
1421,5
1422,1
1423,9
1424,5
1425,6
1426,5
1427,4
1428,0
1429,9
1430,7
1431,4
1432,2
1433,3
1434,4
1435,7
1436,7
1437,3
1438,3
1439,5
1440,1
1441,5
1442,1
1443,5
1444,2
1445,0
1446,3
1447,5
1448,3
1449,8
1450,4
1451,0
1452,8
1453,7
1454,7
1455,7
1456,2
1457,6
1458,1
1459,4
1460,6
1461,1
1462,6
1463,5
1464,9
1465,0
1466,6
1467,6
1468,6
1469,4
1470,6
1471,9
1472,2
1473,8
1474,8
1475,0
1476,3
1477,7
1478,3
1479,5
1480,7
1481,8
1482,2
1483,3
1484,0
1485,4
1486,3
1487,4
1488,9
1489,2
1490,0
1491,9
1492,5
1493,7
1494,8
1495,5
1496,2
1497,3
1498,0
1499,6
1500,4
1501,9
1502,8
1503,4
1504,1
1505,1
1506,4
1507,0
1508,8
1509,3
1510,6
1511,0
1512,1
1513,8
1514,3
1515,5
1516,3
1517,8
1518,0
1519,6
1520,0
1521,8
1522,4
1523,6
1524,4
1525,9
1526,3
1527,8
1528,1
1529,1
1530,9
1531,3
1532,2
1533,0
1534,4
1535,1
1536,6
1537,3
1538,7
1539,4
1540,5
1541,0
1542,8
1543,7
1544,1
1545,3
1546,6
1547,4
1548,8
1549,0
1550,7
1551,8
1552,3
1553,7
1554,5
1555,2
1556,9
1557,7
1558,4
1559,9
1560,5
1561,6
1562,1
1563,5
1564,7
1565,6
1566,3
1567,0
1568,1
1569,8
1570,5
1571,4
1572,8
1573,1
1574,2
1575,7
1576,9
1577,9
1578,9
1579,2
1580,2
1581,0
1582,2
1583,8
1584,0
1585,2
1586,9
1587,4
1588,6
1589,2
1590,0
1591,2
1592,1
1593,6
1594,3
1595,1
1596,5
1597,9
1598,6
1599,9
1600,3
1601,9
1602,6
1603,8
1604,5
1605,8
1606,8
1607,8
1608,5
1609,1
1610,1
1611,0
1612,9
1613,3
1614,6
1615,0
1616,7
1617,9
1618,2
1619,9
1620,9
1621,2
1622,1
1623,4
1624,1
1625,1
1626,5
1627,3
1628,6
1629,5
1630,2
1631,1
1632,9
1633,9
1634,2
1635,8
1636,4
1637,5
1638,9
1639,7
1640,9
1641,6
1642,6
1643,1
1644,2
1645,6
1646,0
1647,4
1648,2
1649,9
1650,2
1651,2
1652,9
1653,3
1654,2
1655,0
1656,7
1657,2
1658,4
1659,3
1660,5
1661,4
1662,7
1663,7
1664,9
1665,1
1666,8
1667,2
1668,2
1669,7
1670,5
1671,4
1672,9
1673,5
1674,5
1675,0
1676,5
1677,3
1678,8
1679,8
1680,0
1681,2
1682,7
1683,9
1684,7
1685,1
1686,9
1687,3
1688,9
1689,2
1690,0
1691,5
1692,6
1693,3
1694,1
1695,1
1696,9
1697,0
1698,3
1699,5
1700,4
1701,1
1702,4
1703,1
1704,4
1705,2
1706,1
1707,8
1708,0
1709,4
1710,2
1711,8
1712,9
1713,0
1714,7
1715,7
1716,1
1717,5
1718,1
1719,5
1720,6
1721,4
1722,4
1723,6
1724,4
1725,5
1726,6
1727,9
1728,4
1729,0
1730,2
1731,5
1732,2
1733,3
1734,3
1735,2
1736,3
1737,0
1738,4
1739,3
1740,8
1741,3
1742,0
1743,6
1744,9
1745,1
1746,5
1747,6
1748,6
1749,6
1750,5
1751,6
1752,0
1753,5
1754,2
1755,4
1756,3
1757,6
1758,4
1759,4
1760,8
1761,6
1762,7
1763,1
1764,8
1765,8
1766,9
1767,9
1768,0
1769,3
1770,5
1771,1
1772,9
1773,5
1774,9
1775,2
1776,3
1777,1
1778,2
1779,0
1780,4
1781,8
1782,0
1783,7
1784,5
1785,7
1786,2
1787,4
1788,2
1789,3
1790,6
1791,7
1792,0
1793,2
1794,6
1795,3
1796,7
1797,0
1798,9
1799,0
1800,0
1801,2
1802,2
1803,6
1804,9
1805,3
1806,6
1807,4
1808,1
1809,8
1810,9
1811,5
1812,8
1813,8
1814,0
1815,7
1816,6
1817,5
1818,9
1819,5
1820,8
1821,9
1822,1
1823,2
1824,8
1825,1
1826,1
1827,1
1828,0
1829,3
1830,4
1831,5
1832,6
1833,7
1834,7
1835,3
1836,3
1837,0
1838,2
1839,5
1840,9
1841,5
1842,6
1843,6
1844,9
1845,8
1846,9
1847,1
1848,5
1849,6
1850,8
1851,4
1852,7
1853,9
1854,6
1855,1
1856,2
1857,6
1858,4
1859,9
1860,1
1861,8
1862,0
1863,4
1864,4
1865,8
1866,2
1867,9
1868,1
1869,7
1870,7
1871,4
1872,5
1873,6
1874,4
1875,5
1876,4
1877,5
1878,8
1879,2
1880,8
1881,3
1882,0
1883,2
1884,9
1885,8
1886,8
1887,5
1888,6
1889,2
1890,4
1891,4
1892,9
1893,7
1894,1
1895,5
1896,3
1897,0
1898,7
1899,9
1900,3
1901,5
1902,2
1903,3
1904,0
1905,8
1906,4
1907,6
1908,6
1909,6
1910,1
1911,0
1912,3
1913,0
1914,9
1915,2
1916,4
1917,2
1918,3
1919,2
1920,7
1921,8
1922,4
1923,0
1924,6
1925,3
1926,3
1927,8
1928,2
1929,9
1930,0
1931,5
1932,6
1933,6
1934,1
1935,8
1936,2
1937,2
1938,6
1939,8
1940,0
1941,7
1942,5
1943,3
1944,1
1945,8
1946,6
1947,4
1948,6
1949,4
1950,6
1951,8
1952,9
1953,8
1954,2
1955,7
1956,9
1957,2
1958,4
1959,2
1960,0
1961,7
1962,5
1963,0
1964,0
1965,4
1966,5
1967,7
1968,8
1969,9
1970,8
1971,4
1972,0
1973,5
1974,6
1975,9
1976,4
1977,3
1978,3
1979,7
1980,0
1981,5
1982,3
1983,6
1984,7
1985,4
1986,5
1987,5
1988,3
1989,9
1990,3
1991,1
1992,8
1993,6
1994,4
1995,5
1996,4
1997,1
1998,3
1999,7
2000,2
2001,7
2002,3
2003,4
2004,5
2005,9
2006,3
2007,0
2008,4
2009,5
2010,2
2011,9
2012,4
2013,6
2014,0
2015,5
2016,9
2017,4
2018,7
2019,5
2020,8
2021,8
2022,9
2023,9
2024,8
2025,3
2026,4
2027,0
2028,6
2029,7
2030,3
2031,9
2032,1
2033,3
2034,3
2035,5
2036,2
2037,7
2038,3
2039,0
2040,8
2041,9
2042,3
2043,6
2044,1
2045,6
2046,3
2047,7
2048,2
2049,7
2050,2
2051,1
2052,7
2053,8
2054,0
2055,1
2056,2
2057,7
2058,3
2059,7
2060,6
2061,7
2062,1
2063,4
2064,5
2065,7
2066,2
2067,8
2068,3
2069,7
2070,4
2071,9
2072,7
2073,9
2074,6
2075,1
2076,7
2077,4
2078,5
2079,5
2080,0
2081,2
2082,3
2083,9
2084,7
2085,6
2086,0
2087,3
2088,3
2089,9
2090,0
2091,4
2092,8
2093,2
2094,0
2095,2
2096,9
2097,4
2098,8
2099,3
2100,1
2101,4
2102,5
2103,1
2104,5
2105,5
2106,7
2107,2
2108,5
2109,3
2110,1
2111,9
2112,4
2113,8
2114,9
2115,0
2116,7
2117,8
2118,7
2119,6
2120,8
2121,1
2122,8
2123,1
2124,5
2125,7
2126,3
2127,4
2128,0
2129,1
2130,8
2131,4
2132,6
2133,1
2134,1
2135,1
2136,3
2137,1
2138,1
2139,4
2140,3
2141,4
2142,4
2143,9
2144,8
2145,4
2146,0
2147,9
2148,0
2149,4
2150,3
2151,0
2152,8
2153,8
2154,2
2155,8
2156,9
2157,4
2158,1
2159,9
2160,8
2161,8
2162,6
2163,0
2164,1
2165,9
2166,2
2167,6
2168,5
2169,3
2170,2
2171,4
2172,3
2173,8
2174,4
2175,9
2176,8
2177,2
2178,6
2179,1
2180,5
2181,8
2182,1
2183,1
2184,6
2185,8
2186,2
2187,8
2188,6
2189,3
2190,9
2191,3
2192,6
2193,5
2194,9
2195,2
2196,7
2197,2
2198,8
2199,9
2200,5
2201,0
2202,6
2203,9
2204,5
2205,5
2206,2
2207,5
2208,1
2209,9
2210,8
2211,4
2212,2
2213,5
2214,0
2215,0
2216,4
2217,1
2218,4
2219,8
2220,9
2221,4
2222,1
2223,9
2224,3
2225,0
2226,0
2227,4
2228,3
2229,6
2230,3
2231,4
2232,2
2233,6
2234,9
2235,4
2236,7
2237,8
2238,6
2239,7
2240,8
2241,4
2242,0
2243,1
2244,0
2245,8
2246,5
2247,7
2248,0
2249,8
2250,1
2251,1
2252,5
2253,3
2254,8
2255,4
2256,3
2257,1
2258,4
2259,5
2260,9
2261,3
2262,0
2263,1
2264,4
2265,7
2266,9
2267,3
2268,8
2269,9
2270,0
2271,9
2272,0
2273,6
2274,8
2275,1
2276,9
2277,1
2278,8
2279,2
2280,4
2281,9
2282,0
2283,3
2284,9
2285,9
2286,6
2287,4
2288,9
2289,9
2290,9
2291,0
2292,3
2293,2
2294,0
2295,3
2296,7
2297,3
2298,9
2299,5
2300,2
2301,7
2302,5
2303,1
2304,5
2305,4
2306,9
2307,1
2308,7
2309,1
2310,1
2311,1
2312,8
2313,3
2314,2
2315,0
2316,0
2317,1
2318,2
2319,5
2320,7
2321,5
2322,6
2323,5
2324,5
2325,7
2326,8
2327,2
2328,0
2329,9
2330,7
2331,6
2332,7
2333,0
2334,2
2335,6
2336,2
2337,9
2338,8
2339,4
2340,2
2341,0
2342,7
2343,1
2344,1
2345,9
2346,4
2347,5
2348,0
2349,1
2350,6
2351,2
2352,8
2353,0
2354,7
2355,2
2356,1
2357,1
2358,6
2359,0
2360,8
2361,4
2362,1
2363,2
2364,4
2365,1
2366,9
2367,8
2368,8
2369,0
2370,6
2371,5
2372,1
2373,4
2374,1
2375,4
2376,0
2377,1
2378,0
2379,5
2380,8
2381,7
2382,5
2383,1
2384,4
2385,4
2386,4
2387,9
2388,4
2389,3
2390,2
2391,9
2392,8
2393,7
2394,0
2395,4
2396,9
2397,9
2398,3
2399,1
2400,1
2401,8
2402,4
2403,8
2404,1
2405,2
2406,4
2407,1
2408,1
2409,8
2410,1
2411,7
2412,6
2413,5
2414,2
2415,8
2416,7
2417,6
2418,3
2419,4
2420,8
2421,7
2422,4
2423,0
2424,1
2425,7
2426,8
2427,5
2428,1
2429,4
2430,5
2431,3
2432,5
2433,5
2434,3
2435,6
2436,2
2437,1
2438,4
2439,4
2440,1
2441,2
2442,5
2443,9
2444,1
2445,3
2446,4
2447,2
2448,1
2449,3
2450,3
2451,9
2452,4
2453,4
2454,9
2455,7
2456,8
2457,7
2458,9
2459,9
2460,6
2461,2
2462,4
2463,2
2464,1
2465,5
2466,4
2467,7
2468,7
2469,3
2470,9
2471,6
2472,1
2473,7
2474,3
2475,1
2476,7
2477,6
2478,0
2479,1
2480,0
2481,5
2482,3
2483,5
2484,9
2485,8
2486,0
2487,4
2488,2
2489,7
2490,0
2491,6
2492,0
2493,6
2494,5
2495,7
2496,1
2497,9
2498,9
2499,4
2500,4
2501,2
2502,8
2503,2
2504,7
2505,6
2506,3
2507,7
2508,6
2509,8
2510,8
2511,6
2512,0
2513,2
2514,1
2515,2
2516,6
2517,3
2518,7
2519,2
2520,0
2521,1
2522,2
2523,8
2524,9
2525,4
2526,2
2527,4
2528,9
2529,4
2530,3
2531,0
2532,1
2533,8
2534,1
2535,6
2536,8
2537,2
2538,0
2539,1
2540,2
2541,9
2542,4
2543,4
2544,5
2545,0
2546,3
2547,5
2548,1
2549,3
2550,7
2551,8
2552,7
2553,0
2554,4
2555,2
2556,0
2557,4
2558,4
2559,8
2560,0
2561,8
2562,3
2563,8
2564,1
2565,8
2566,5
2567,8
2568,3
2569,0
2570,6
2571,0
2572,3
2573,2
2574,9
2575,2
2576,1
2577,5
2578,7
2579,6
2580,7
2581,4
2582,4
2583,4
2584,7
2585,7
2586,5
2587,2
2588,5
2589,0
2590,8
2591,4
2592,3
2593,8
2594,0
2595,1
2596,6
2597,0
2598,9
2599,8
2600,1
2601,1
2602,2
2603,1
2604,0
2605,6
2606,5
2607,9
2608,0
2609,8
2610,1
2611,1
2612,3
2613,8
2614,7
2615,6
2616,0
2617,0
2618,5
2619,8
2620,2
2621,0
2622,7
2623,4
2624,8
2625,7
2626,2
2627,1
2628,0
2629,9
2630,5
2631,1
2632,6
2633,2
2634,0
2635,9
2636,0
2637,8
2638,3
2639,2
2640,8
2641,0
2642,1
2643,2
2644,2
2645,2
2646,1
2647,6
2648,3
2649,6
2650,4
2651,8
2652,5
2653,6
2654,6
2655,0
2656,2
2657,5
2658,0
2659,7
2660,9
2661,6
2662,2
2663,7
2664,2
2665,8
2666,9
2667,9
2668,8
2669,1
2670,6
2671,1
2672,8
2673,8
2674,8
2675,5
2676,2
2677,4
2678,9
2679,9
2680,8
2681,7
2682,9
2683,5
2684,8
2685,8
2686,7
2687,7
2688,7
2689,0
2690,3
2691,2
2692,5
2693,1
2694,3
2695,5
2696,7
2697,8
2698,4
2699,4
2700,5
2701,8
2702,3
2703,5
2704,4
2705,0
2706,4
2707,3
2708,1
2709,9
2710,5
2711,3
2712,0
2713,5
2714,4
2715,9
2716,7
2717,4
2718,1
2719,7
2720,2
2721,3
2722,6
2723,1
2724,1
2725,3
2726,8
2727,7
2728,7
2729,2
2730,8
2731,8
2732,4
2733,6
2734,2
2735,7
2736,3
2737,8
2738,0
2739,1
2740,4
2741,6
2742,0
2743,2
2744,3
2745,6
2746,1
2747,3
2748,9
2749,0
2750,5
2751,5
2752,6
2753,7
2754,6
2755,5
2756,9
2757,9
2758,6
2759,0
2760,0
2761,8
2762,7
2763,2
2764,5
2765,0
2766,0
2767,8
2768,7
2769,2
2770,5
2771,3
2772,8
2773,7
2774,9
2775,3
2776,1
2777,0
2778,0
2779,5
2780,3
2781,0
2782,8
2783,0
2784,6
2785,3
2786,4
2787,4
2788,1
2789,3
2790,2
2791,0
2792,4
2793,5
2794,3
2795,3
2796,7
2797,8
2798,0
2799,0
2800,8
2801,3
2802,3
2803,0
2804,3
2805,2
2806,7
2807,1
2808,5
2809,4
2810,4
2811,5
2812,6
2813,1
2814,8
2815,7
2816,0
2817,8
2818,8
2819,8
2820,7
2821,9
2822,0
2823,2
2824,2
2825,7
2826,5
2827,5
2828,1
2829,2
2830,8
2831,3
2832,3
2833,1
2834,0
2835,0
2836,5
2837,9
2838,2
2839,6
2840,7
2841,3
2842,3
2843,4
2844,1
2845,2
2846,2
2847,4
2848,1
2849,5
2850,0
2851,2
2852,6
2853,2
2854,5
2855,5
2856,4
2857,6
2858,4
2859,9
2860,5
2861,5
2862,9
2863,9
2864,8
2865,2
2866,1
2867,3
2868,9
2869,8
2870,8
2871,2
2872,1
2873,2
2874,8
2875,0
2876,0
2877,0
2878,8
2879,1
2880,6
2881,0
2882,1
2883,5
2884,4
2885,6
2886,7
2887,7
2888,9
2889,6
2890,5
2891,9
2892,0
2893,2
2894,9
2895,7
2896,3
2897,0
2898,7
2899,4
2900,9
2901,9
2902,4
2903,3
2904,2
2905,8
2906,7
2907,3
2908,4
2909,1
2910,9
2911,1
2912,1
2913,0
2914,0
2915,3
2916,9
2917,0
2918,1
2919,4
2920,2
2921,8
2922,3
2923,1
2924,4
2925,7
2926,5
2927,8
2928,9
2929,1
2930,1
2931,1
2932,2
2933,2
2934,5
2935,4
2936,8
2937,8
2938,4
2939,4
2940,1
2941,9
2942,7
2943,5
2944,8
2945,4
2946,7
2947,9
2948,9
2949,7
2950,0
2951,9
2952,2
2953,8
2954,8
2955,3
2956,1
2957,1
2958,3
2959,1
2960,9
2961,9
2962,0
2963,9
2964,7
2965,7
2966,5
2967,9
2968,3
2969,4
2970,4
2971,3
2972,6
2973,7
2974,3
2975,7
2976,6
2977,7
2978,4
2979,6
2980,7
2981,5
2982,9
2983,9
2984,0
2985,2
2986,6
2987,2
2988,9
2989,4
2990,6
2991,2
2992,4
2993,0
2994,6
2995,7
2996,8
2997,4
2998,9
2999,2
3000,2
3001,3
3002,7
3003,2
3004,4
3005,7
3006,0
3007,4
3008,9
3009,1
3010,5
3011,0
3012,9
3013,6
3014,2
3015,9
3016,9
3017,0
3018,5
3019,5
3020,0
3021,2
3022,8
3023,2
3024,0
3025,7
3026,9
3027,9
3028,1
3029,4
3030,3
3031,3
3032,8
3033,9
3034,9
3035,7
3036,3
3037,4
3038,1
3039,1
3040,3
3041,6
3042,3
3043,3
3044,7
3045,7
3046,0
3047,4
3048,0
3049,5
3050,5
3051,0
3052,0
3053,7
3054,9
3055,9
3056,0
3057,9
3058,4
3059,4
3060,3
3061,9
3062,1
3063,0
3064,8
3065,9
3066,4
3067,8
3068,1
3069,7
3070,0
3071,1
3072,6
3073,2
3074,9
3075,6
3076,5
3077,1
3078,1
3079,0
3080,2
3081,5
3082,3
3083,5
3084,4
3085,5
3086,8
3087,3
3088,9
3089,1
3090,3
3091,7
3092,3
3093,9
3094,1
3095,3
3096,3
3097,7
3098,2
3099,7
3100,9
3101,6
3102,3
3103,7
3104,4
3105,0
3106,7
3107,3
3108,7
3109,1
3110,0
3111,2
3112,4
3113,3
3114,9
3115,3
3116,6
3117,7
3118,9
3119,4
3120,8
3121,9
3122,2
3123,9
3124,3
3125,0
3126,4
3127,8
3128,2
3129,1
3130,7
3131,4
3132,4
3133,2
3134,3
3135,3
3136,6
3137,8
3138,9
3139,9
3140,9
3141,8
3142,1
3143,9
3144,2
3145,3
3146,5
3147,4
3148,1
3149,0
3150,2
3151,4
3152,3
3153,8
3154,1
3155,6
3156,0
3157,8
3158,6
3159,5
3160,2
3161,5
3162,3
3163,0
3164,6
3165,1
3166,7
3167,4
3168,4
3169,5
3170,3
3171,1
3172,4
3173,9
3174,2
3175,2
3176,1
3177,8
3178,9
3179,3
3180,2
3181,3
3182,8
3183,8
3184,9
3185,4
3186,1
3187,2
3188,4
3189,4
3190,3
3191,5
3192,3
3193,0
3194,5
3195,3
3196,4
3197,5
3198,1
3199,2
3200,5
3201,4
3202,6
3203,6
3204,3
3205,6
3206,9
3207,7
3208,2
3209,0
3210,3
3211,7
3212,9
3213,0
3214,3
3215,0
3216,9
3217,7
3218,8
3219,7
3220,8
3221,5
3222,8
3223,5
3224,8
3225,7
3226,6
3227,8
3228,5
3229,6
3230,0
3231,0
3232,8
3233,5
3234,2
3235,1
3236,7
3237,6
3238,0
3239,3
3240,2
3241,7
3242,6
3243,7
3244,0
3245,5
3246,8
3247,1
3248,2
3249,7
3250,1
3251,2
3252,3
3253,5
3254,4
3255,4
3256,5
3257,8
3258,3
3259,1
3260,0
3261,7
3262,7
3263,3
3264,1
3265,6
3266,2
3267,7
3268,9
3269,0
3270,3
3271,3
3272,0
3273,9
3274,5
3275,8
3276,7
3277,3
3278,2
3279,8
3280,0
3281,3
3282,9
3283,6
3284,9
3285,8
3286,7
3287,8
3288,4
3289,8
3290,5
3291,2
3292,4
3293,0
3294,5
3295,0
3296,0
3297,0
3298,1
3299,2
3300,1
3301,0
3302,4
3303,5
3304,4
3305,1
3306,4
3307,5
3308,4
3309,2
3310,7
3311,5
3312,6
3313,9
3314,0
3315,5
3316,1
3317,7
3318,3
3319,0
3320,6
3321,1
3322,9
3323,7
3324,7
3325,4
3326,5
3327,3
3328,5
3329,9
3330,2
3331,2
3332,4
3333,9
3334,4
3335,4
3336,4
3337,2
3338,0
3339,5
3340,6
3341,5
3342,5
3343,8
3344,0
3345,8
3346,1
3347,9
3348,1
3349,0
3350,8
3351,0
3352,0
3353,2
3354,0
3355,0
3356,5
3357,6
3358,5
3359,5
3360,2
3361,6
3362,1
3363,8
3364,0
3365,2
3366,9
3367,5
3368,0
3369,3
3370,2
3371,5
3372,1
3373,6
3374,4
3375,7
3376,5
3377,7
3378,3
3379,3
3380,3
3381,3
3382,7
3383,4
3384,5
3385,9
3386,0
3387,8
3388,2
3389,8
3390,4
3391,3
3392,3
3393,3
3394,0
3395,1
3396,0
3397,9
3398,3
3399,1
3400,8
3401,7
3402,0
3403,5
3404,2
3405,6
3406,7
3407,7
3408,3
3409,9
3410,5
3411,7
3412,5
3413,2
3414,6
3415,7
3416,1
3417,2
3418,0
3419,5
3420,1
3421,1
3422,9
3423,4
3424,7
3425,3
3426,3
3427,2
3428,8
3429,2
3430,8
3431,0
3432,2
3433,3
3434,9
3435,0
3436,9
3437,0
3438,4
3439,9
3440,9
3441,1
3442,9
3443,0
3444,4
3445,4
3446,0
3447,7
3448,5
3449,4
3450,8
3451,7
3452,7
3453,3
3454,6
3455,2
3456,4
3457,0
3458,0
3459,3
3460,2
3461,5
3462,5
3463,2
3464,6
3465,2
3466,7
3467,7
3468,2
3469,2
3470,0
3471,7
3472,0
3473,7
3474,9
3475,9
3476,3
3477,1
3478,4
3479,4
3480,3
3481,1
3482,7
3483,9
3484,1
3485,4
3486,1
3487,2
3488,4
3489,3
3490,4
3491,1
3492,4
3493,4
3494,9
3495,0
3496,2
3497,8
3498,5
3499,5
3500,8
3501,7
3502,7
3503,9
3504,0
3505,2
3506,9
3507,4
3508,8
3509,1
3510,9
3511,3
3512,7
3513,9
3514,1
3515,2
3516,2
3517,2
3518,2
3519,0
3520,8
3521,0
3522,2
3523,4
3524,0
3525,8
3526,2
3527,6
3528,5
3529,2
3530,3
3531,9
3532,9
3533,3
3534,0
3535,4
3536,5
3537,5
3538,0
3539,7
3540,5
3541,6
3542,4
3543,6
3544,6
3545,7
3546,9
3547,2
3548,6
3549,7
3550,5
3551,7
3552,0
3553,4
3554,8
3555,9
3556,3
3557,9
3558,4
3559,4
3560,9
3561,4
3562,7
3563,3
3564,6
3565,1
3566,9
3567,8
3568,1
3569,5
3570,9
3571,5
3572,4
3573,9
3574,7
3575,7
3576,9
3577,4
3578,8
3579,1
3580,8
3581,2
3582,4
3583,2
3584,5
3585,5
3586,1
3587,3
3588,0
3589,0
3590,8
3591,0
3592,7
3593,3
3594,1
3595,2
3596,0
3597,9
3598,0
3599,1
3600,5
3601,4
3602,0
3603,6
3604,5
3605,4
3606,5
3607,0
3608,2
3609,0
3610,7
3611,5
3612,4
3613,0
3614,3
3615,1
3616,8
3617,1
3618,7
3619,7
3620,3
3621,2
3622,4
3623,9
3624,8
3625,3
3626,7
3627,3
3628,9
3629,5
3630,3
3631,3
3632,2
3633,1
3634,6
3635,9
3636,9
3637,4
3638,0
3639,0
3640,8
3641,2
3642,0
3643,0
3644,7
3645,5
3646,3
3647,9
3648,9
3649,4
3650,9
3651,3
3652,6
3653,4
3654,0
3655,0
3656,7
3657,2
3658,3
3659,9
3660,9
3661,0
3662,8
3663,5
3664,3
3665,8
3666,3
3667,2
3668,8
3669,1
3670,4
3671,3
3672,9
3673,3
3674,4
3675,7
3676,3
3677,2
3678,1
3679,1
3680,7
3681,0
3682,7
3683,6
3684,4
3685,8
3686,0
3687,0
3688,1
3689,0
3690,8
3691,4
3692,3
3693,0
3694,3
3695,3
3696,5
3697,4
3698,1
3699,3
3700,5
3701,6
3702,3
3703,0
3704,8
3705,6
3706,5
3707,4
3708,1
3709,8
3710,8
3711,5
3712,5
3713,3
3714,2
3715,8
3716,6
3717,6
3718,8
3719,0
3720,6
3721,5
3722,5
3723,6
3724,9
3725,9
3726,2
3727,1
3728,3
3729,1
3730,4
3731,6
3732,9
3733,8
3734,2
3735,7
3736,5
3737,5
3738,4
3739,4
3740,4
3741,9
3742,6
3743,4
3744,2
3745,8
3746,6
3747,3
3748,2
3749,4
3750,9
3751,7
3752,9
3753,2
3754,0
3755,4
3756,7
3757,9
3758,4
3759,5
3760,3
3761,9
3762,6
3763,4
3764,1
3765,5
3766,8
3767,6
3768,1
3769,2
3770,9
3771,2
3772,5
3773,8
3774,0
3775,2
3776,7
3777,5
3778,8
3779,9
3780,5
3781,2
3782,2
3783,7
3784,0
3785,4
3786,3
3787,7
3788,2
3789,0
3790,3
3791,8
3792,4
3793,4
3794,1
3795,2
3796,5
3797,5
3798,5
3799,7
3800,6
3801,6
3802,7
3803,0
3804,5
3805,2
3806,2
3807,3
3808,0
3809,4
3810,3
3811,0
3812,9
3813,1
3814,6
3815,9
3816,3
3817,8
3818,0
3819,3
3820,1
3821,9
3822,9
3823,7
3824,2
3825,5
3826,9
3827,7
3828,9
3829,9
3830,8
3831,6
3832,4
3833,0
3834,1
3835,0
3836,6
3837,2
3838,8
3839,7
3840,8
3841,5
3842,4
3843,6
3844,9
3845,0
3846,4
3847,6
3848,2
3849,8
3850,7
3851,4
3852,5
3853,3
3854,5
3855,8
3856,0
3857,3
3858,1
3859,8
3860,4
3861,8
3862,6
3863,7
3864,2
3865,2
3866,0
3867,4
3868,1
3869,6
3870,5
3871,3
3872,6
3873,0
3874,8
3875,5
3876,0
3877,1
3878,7
3879,3
3880,9
3881,7
3882,5
3883,1
3884,1
3885,9
3886,0
3887,4
3888,3
3889,0
3890,7
3891,0
3892,1
3893,8
3894,4
3895,4
3896,0
3897,1
3898,1
3899,8
3900,9
3901,0
3902,4
3903,1
3904,8
3905,1
3906,4
3907,2
3908,7
3909,3
3910,0
3911,2
3912,7
3913,2
3914,8
3915,8
3916,9
3917,4
3918,3
3919,5
3920,7
3921,8
3922,0
3923,0
3924,9
3925,8
3926,6
3927,9
3928,5
3929,1
3930,7
3931,7
3932,2
3933,7
3934,1
3935,5
3936,5
3937,4
3938,5
3939,5
3940,6
3941,0
3942,7
3943,2
3944,9
3945,4
3946,7
3947,2
3948,4
3949,4
3950,8
3951,8
3952,5
3953,4
3954,5
3955,5
3956,6
3957,9
3958,6
3959,9
3960,1
3961,4
3962,6
3963,7
3964,8
3965,4
3966,5
3967,5
3968,6
3969,4
3970,9
3971,7
3972,3
3973,7
3974,7
3975,4
3976,1
3977,5
3978,6
3979,8
3980,4
3981,4
3982,7
3983,1
3984,2
3985,5
3986,0
3987,9
3988,0
3989,6
3990,9
3991,2
3992,0
3993,2
3994,0
3995,0
3996,5
3997,1
3998,0
3999,0
4000,5
4001,7
4002,4
4003,7
4004,8
4005,9
4006,0
4007,8
4008,6
4009,9
4010,4
4011,3
4012,7
4013,7
4014,4
4015,0
4016,5
4017,6
4018,9
4019,1
4020,6
4021,4
4022,4
4023,9
4024,1
4025,0
4026,3
4027,4
4028,2
4029,1
4030,7
4031,9
4032,9
4033,1
4034,1
4035,4
4036,3
4037,4
4038,2
4039,0
4040,2
4041,7
4042,1
4043,1
4044,3
4045,3
4046,8
4047,5
4048,4
4049,0
4050,0
4051,0
4052,6
4053,8
4054,2
4055,3
4056,5
4057,1
4058,3
4059,4
4060,5
4061,6
4062,7
4063,2
4064,6
4065,9
4066,2
4067,2
4068,2
4069,7
4070,4
4071,4
4072,8
4073,8
4074,0
4075,9
4076,9
4077,7
4078,9
4079,8
4080,1
4081,8
4082,2
4083,4
4084,8
4085,1
4086,8
4087,4
4088,6
4089,9
4090,6
4091,9
4092,3
4093,6
4094,2
4095,1
4096,3
4097,3
4098,0
4099,4
4100,2
4101,8
4102,5
4103,7
4104,8
4105,8
4106,8
4107,3
4108,1
4109,5
4110,9
4111,9
4112,4
4113,2
4114,9
4115,7
4116,2
4117,0
4118,1
4119,0
4120,1
4121,3
4122,2
4123,5
4124,9
4125,8
4126,9
4127,6
4128,4
4129,9
4130,0
4131,9
4132,3
4133,6
4134,0
4135,3
4136,1
4137,0
4138,0
4139,7
4140,5
4141,7
4142,8
4143,7
4144,1
4145,1
4146,3
4147,5
4148,8
4149,9
4150,1
4151,9
4152,6
4153,7
4154,2
4155,8
4156,0
4157,9
4158,7
4159,6
4160,3
4161,3
4162,0
4163,7
4164,0
4165,1
4166,6
4167,6
4168,5
4169,1
4170,7
4171,5
4172,4
4173,8
4174,6
4175,5
4176,3
4177,7
4178,0
4179,8
4180,6
4181,4
4182,7
4183,8
4184,6
4185,7
4186,4
4187,0
4188,7
4189,9
4190,6
4191,6
4192,2
4193,4
4194,3
4195,9
4196,0
4197,7
4198,5
4199,8
4200,8
4201,1
4202,2
4203,0
4204,2
4205,7
4206,8
4207,8
4208,9
4209,8
4210,9
4211,6
4212,7
4213,0
4214,2
4215,0
4216,7
4217,5
4218,9
4219,3
4220,5
4221,5
4222,7
4223,1
4224,0
4225,8
4226,7
4227,5
4228,7
4229,8
4230,4
4231,3
4232,3
4233,7
4234,9
4235,8
4236,5
4237,5
4238,5
4239,2
4240,8
4241,5
4242,1
4243,1
4244,9
4245,4
4246,1
4247,8
4248,7
4249,5
4250,7
4251,1
4252,7
4253,5
4254,7
4255,0
4256,2
4257,7
4258,2
4259,8
4260,6
4261,3
4262,2
4263,3
4264,2
4265,6
4266,7
4267,8
4268,2
4269,9
4270,1
4271,1
4272,2
4273,7
4274,7
4275,7
4276,3
4277,2
4278,5
4279,0
4280,0
4281,2
4282,7
4283,8
4284,2
4285,3
4286,2
4287,6
4288,5
4289,2
4290,5
4291,8
4292,3
4293,3
4294,8
4295,0
4296,8
4297,3
4298,5
4299,9
4300,3
4301,6
4302,4
4303,8
4304,2
4305,5
4306,6
4307,6
4308,0
4309,6
4310,7
4311,5
4312,8
4313,1
4314,6
4315,8
4316,5
4317,3
4318,9
4319,7
4320,7
4321,0
4322,4
4323,5
4324,2
4325,0
4326,1
4327,3
4328,6
4329,4
4330,6
4331,9
4332,2
4333,1
4334,4
4335,6
4336,2
4337,4
4338,0
4339,1
4340,5
4341,5
4342,9
4343,6
4344,7
4345,9
4346,7
4347,0
4348,3
4349,9
4350,4
4351,0
4352,2
4353,8
4354,6
4355,3
4356,0
4357,3
4358,9
4359,7
4360,6
4361,2
4362,7
4363,9
4364,1
4365,3
4366,1
4367,7
4368,5
4369,7
4370,1
4371,9
4372,8
4373,9
4374,8
4375,5
4376,2
4377,7
4378,9
4379,8
4380,9
4381,1
4382,9
4383,7
4384,9
4385,6
4386,8
4387,1
4388,6
4389,7
4390,4
4391,0
4392,5
4393,3
4394,8
4395,0
4396,6
4397,4
4398,5
4399,9
4400,3
4401,8
4402,6
4403,1
4404,7
4405,4
4406,6
4407,0
4408,8
4409,1
4410,7
4411,4
4412,4
4413,9
4414,4
4415,5
4416,9
4417,5
4418,7
4419,9
4420,2
4421,6
4422,6
4423,4
4424,3
4425,1
4426,2
4427,9
4428,1
4429,0
4430,2
4431,4
4432,3
4433,9
4434,4
4435,5
4436,1
4437,6
4438,7
4439,7
4440,1
4441,8
4442,2
4443,3
4444,3
4445,8
4446,3
4447,4
4448,4
4449,8
4450,8
4451,4
4452,7
4453,3
4454,3
4455,3
4456,5
4457,6
4458,9
4459,4
4460,8
4461,4
4462,0
4463,2
4464,5
4465,3
4466,7
4467,3
4468,3
4469,1
4470,7
4471,4
4472,7
4473,5
4474,1
4475,6
4476,3
4477,4
4478,3
4479,4
4480,1
4481,8
4482,2
4483,0
4484,9
4485,9
4486,2
4487,6
4488,6
4489,7
4490,4
4491,0
4492,4
4493,7
4494,8
4495,0
4496,6
4497,9
4498,4
4499,6
4500,8
4501,3
4502,8
4503,6
4504,9
4505,0
4506,3
4507,3
4508,5
4509,8
4510,4
4511,3
4512,8
4513,2
4514,5
4515,9
4516,5
4517,1
4518,4
4519,4
4520,6
4521,6
4522,6
4523,2
4524,3
4525,3
4526,3
4527,2
4528,1
4529,8
4530,4
4531,2
4532,6
4533,3
4534,6
4535,5
4536,5
4537,4
4538,9
4539,7
4540,6
4541,9
4542,8
4543,0
4544,7
4545,4
4546,7
4547,6
4548,3
4549,9
4550,1
4551,6
4552,8
4553,0
4554,7
4555,7
4556,0
4557,3
4558,6
4559,3
4560,0
4561,8
4562,3
4563,0
4564,4
4565,5
4566,0
4567,5
4568,6
4569,7
4570,4
4571,1
4572,0
4573,7
4574,3
4575,2
4576,7
4577,8
4578,1
4579,0
4580,6
4581,7
4582,0
4583,0
4584,8
4585,3
4586,2
4587,8
4588,9
4589,7
4590,1
4591,5
4592,3
4593,9
4594,9
4595,6
4596,5
4597,1
4598,4
4599,1
4600,2
4601,5
4602,7
4603,7
4604,7
4605,7
4606,0
4607,8
4608,3
4609,6
4610,7
4611,7
4612,5
4613,1
4614,6
4615,5
4616,5
4617,5
4618,7
4619,4
4620,0
4621,7
4622,7
4623,6
4624,5
4625,4
4626,8
4627,7
4628,6
4629,0
4630,1
4631,3
4632,8
4633,3
4634,4
4635,8
4636,8
4637,5
4638,0
4639,9
4640,0
4641,2
4642,7
4643,4
4644,4
4645,7
4646,7
4647,0
4648,2
4649,5
4650,6
4651,8
4652,4
4653,7
4654,6
4655,5
4656,9
4657,4
4658,0
4659,8
4660,9
4661,6
4662,8
4663,9
4664,7
4665,8
4666,1
4667,1
4668,7
4669,3
4670,0
4671,2
4672,6
4673,6
4674,2
4675,0
4676,9
4677,5
4678,2
4679,3
4680,3
4681,2
4682,7
4683,6
4684,6
4685,9
4686,7
4687,0
4688,0
4689,4
4690,6
4691,4
4692,3
4693,8
4694,6
4695,1
4696,6
4697,6
4698,6
4699,2
4700,0
4701,4
4702,2
4703,4
4704,1
4705,2
4706,3
4707,4
4708,8
4709,7
4710,0
4711,2
4712,4
4713,9
4714,3
4715,3
4716,7
4717,0
4718,0
4719,5
4720,6
4721,1
4722,8
4723,2
4724,4
4725,0
4726,9
4727,4
4728,7
4729,5
4730,5
4731,7
4732,2
4733,3
4734,4
4735,0
4736,6
4737,1
4738,1
4739,6
4740,5
4741,6
4742,0
4743,3
4744,2
4745,0
4746,0
4747,8
4748,7
4749,8
4750,7
4751,7
4752,1
4753,9
4754,8
4755,4
4756,0
4757,0
4758,0
4759,1
4760,7
4761,7
4762,8
4763,5
4764,3
4765,9
4766,2
4767,0
4768,9
4769,2
4770,4
4771,7
4772,7
4773,9
4774,8
4775,2
4776,6
4777,1
4778,4
4779,2
4780,1
4781,4
4782,0
4783,7
4784,5
4785,5
4786,9
4787,8
4788,4
4789,7
4790,8
4791,6
4792,8
4793,8
4794,2
4795,6
4796,3
4797,1
4798,0
4799,4
4800,1
4801,7
4802,3
4803,2
4804,6
4805,7
4806,6
4807,8
4808,9
4809,2
4810,6
4811,4
4812,2
4813,4
4814,5
4815,3
4816,7
4817,7
4818,2
4819,3
4820,1
4821,4
4822,4
4823,8
4824,8
4825,4
4826,9
4827,5
4828,4
4829,6
4830,6
4831,3
4832,9
4833,9
4834,7
4835,0
4836,8
4837,7
4838,8
4839,5
4840,4
4841,9
4842,3
4843,4
4844,0
4845,5
4846,3
4847,6
4848,8
4849,1
4850,0
4851,7
4852,7
4853,1
4854,0
4855,5
4856,3
4857,5
4858,5
4859,5
4860,2
4861,6
4862,4
4863,1
4864,1
4865,3
4866,4
4867,7
4868,3
4869,8
4870,9
4871,9
4872,5
4873,3
4874,4
4875,4
4876,9
4877,4
4878,1
4879,1
4880,5
4881,7
4882,0
4883,6
4884,5
4885,4
4886,0
4887,3
4888,6
4889,2
4890,9
4891,3
4892,1
4893,0
4894,5
4895,1
4896,0
4897,6
4898,8
4899,2
4900,3
4901,6
4902,1
4903,1
4904,1
4905,3
4906,7
4907,4
4908,1
4909,9
4910,4
4911,1
4912,0
4913,4
4914,1
4915,0
4916,7
4917,4
4918,1
4919,0
4920,1
4921,3
4922,7
4923,9
4924,5
4925,9
4926,1
4927,4
4928,0
4929,3
4930,0
4931,0
4932,4
4933,1
4934,1
4935,3
4936,2
4937,4
4938,6
4939,8
4940,7
4941,8
4942,4
4943,4
4944,1
4945,0
4946,8
4947,9
4948,4
4949,4
4950,6
4951,8
4952,2
4953,7
4954,7
4955,2
4956,8
4957,9
4958,8
4959,8
4960,6
4961,4
4962,4
4963,7
4964,5
4965,3
4966,4
4967,1
4968,2
4969,3
4970,6
4971,3
4972,3
4973,7
4974,2
4975,2
4976,3
4977,5
4978,3
4979,9
4980,5
4981,0
4982,4
4983,2
4984,8
4985,5
4986,6
4987,2
4988,0
4989,5
4990,6
4991,9
4992,4
4993,2
4994,4
4995,2
4996,2
4997,5
4998,6
4999,7
5000,0
5001,4
5002,7
5003,5
5004,2
5005,9
5006,2
5007,3
5008,6
5009,5
5010,8
5011,2
5012,3
5013,5
5014,1
5015,7
5016,9
5017,1
5018,5
5019,3
5020,1
5021,5
5022,5
5023,5
5024,5
5025,5
5026,4
5027,3
5028,3
5029,6
5030,1
5031,1
5032,9
5033,6
5034,3
5035,3
5036,9
5037,2
5038,6
5039,2
5040,9
5041,8
5042,3
5043,1
5044,3
5045,4
5046,4
5047,9
5048,9
5049,7
5050,4
5051,3
5052,0
5053,3
5054,0
5055,0
5056,2
5057,6
5058,0
5059,5
5060,5
5061,9
5062,6
5063,2
5064,5
5065,2
5066,6
5067,9
5068,1
5069,5
5070,5
5071,1
5072,7
5073,4
5074,0
5075,2
5076,2
5077,6
5078,4
5079,2
5080,6
5081,2
5082,5
5083,4
5084,1
5085,0
5086,4
5087,1
5088,5
5089,8
5090,3
5091,8
5092,5
5093,2
5094,9
5095,3
5096,6
5097,8
5098,9
5099,3
5100,3
5101,6
5102,1
5103,2
5104,9
5105,1
5106,0
5107,9
5108,4
5109,3
5110,8
5111,0
5112,3
5113,8
5114,1
5115,3
5116,8
5117,1
5118,0
5119,0
5120,1
5121,5
5122,3
5123,6
5124,3
5125,4
5126,0
5127,8
5128,7
5129,3
5130,0
5131,1
5132,2
5133,2
5134,2
5135,7
5136,3
5137,4
5138,0
5139,1
5140,9
5141,7
5142,3
5143,4
5144,2
5145,7
5146,0
5147,9
5148,4
5149,0
5150,0
5151,0
5152,7
5153,1
5154,9
5155,9
5156,3
5157,5
5158,3
5159,2
5160,5
5161,1
5162,6
5163,1
5164,5
5165,4
5166,9
5167,6
5168,2
5169,2
5170,7
5171,0
5172,9
5173,8
5174,2
5175,4
5176,5
5177,5
5178,4
5179,5
5180,7
5181,7
5182,3
5183,7
5184,7
5185,4
5186,7
5187,6
5188,4
5189,4
5190,2
5191,6
5192,7
5193,2
5194,1
5195,4
5196,8
5197,6
5198,3
5199,4
5200,5
5201,6
5202,2
5203,1
5204,5
5205,7
5206,1
5207,2
5208,6
5209,5
5210,2
5211,0
5212,6
5213,3
5214,2
5215,0
5216,4
5217,3
5218,9
5219,7
5220,3
5221,5
5222,8
5223,6
5224,7
5225,4
5226,5
5227,5
5228,9
5229,4
5230,7
5231,7
5232,2
5233,0
5234,2
5235,6
5236,1
5237,9
5238,8
5239,2
5240,2
5241,8
5242,3
5243,1
5244,6
5245,5
5246,3
5247,9
5248,8
5249,7
5250,7
5251,7
5252,1
5253,5
5254,6
5255,4
5256,3
5257,2
5258,0
5259,5
5260,6
5261,2
5262,3
5263,1
5264,0
5265,4
5266,1
5267,0
5268,1
5269,2
5270,2
5271,4
5272,8
5273,3
5274,2
5275,6
5276,2
5277,4
5278,5
5279,2
5280,3
5281,1
5282,3
5283,0
5284,9
5285,9
5286,7
5287,3
5288,0
5289,3
5290,5
5291,9
5292,7
5293,3
5294,1
5295,6
5296,4
5297,1
5298,7
5299,1
5300,2
5301,4
5302,4
5303,0
5304,6
5305,9
5306,1
5307,6
5308,2
5309,2
5310,2
5311,8
5312,9
5313,3
5314,1
5315,9
5316,6
5317,2
5318,7
5319,4
5320,9
5321,0
5322,7
5323,1
5324,9
5325,6
5326,1
5327,8
5328,4
5329,7
5330,0
5331,8
5332,0
5333,4
5334,7
5335,0
5336,7
5337,5
5338,3
5339,4
5340,5
5341,9
5342,2
5343,0
5344,0
5345,9
5346,6
5347,5
5348,8
5349,7
5350,0
5351,1
5352,4
5353,4
5354,3
5355,7
5356,9
5357,7
5358,5
5359,2
5360,0
5361,1
5362,2
5363,0
5364,7
5365,5
5366,4
5367,4
5368,4
5369,9
5370,1
5371,3
5372,1
5373,7
5374,1
5375,9
5376,6
5377,0
5378,2
5379,4
5380,1
5381,8
5382,8
5383,3
5384,3
5385,5
5386,0
5387,9
5388,1
5389,8
5390,5
5391,4
5392,6
5393,4
5394,3
5395,5
5396,5
5397,9
5398,9
5399,9
5400,7
5401,6
5402,0
5403,0
5404,1
5405,3
5406,0
5407,2
5408,9
5409,7
5410,5
5411,5
5412,1
5413,4
5414,2
5415,7
5416,2
5417,0
5418,3
5419,8
5420,0
5421,4
5422,1
5423,0
5424,4
5425,7
5426,8
5427,3
5428,2
5429,4
5430,6
5431,0
5432,6
5433,3
5434,3
5435,3
5436,0
5437,2
5438,8
5439,8
5440,8
5441,7
5442,0
5443,7
5444,1
5445,8
5446,1
5447,2
5448,6
5449,2
5450,4
5451,7
5452,3
5453,2
5454,5
5455,9
5456,3
5457,0
5458,3
5459,6
5460,8
5461,6
5462,0
5463,9
5464,8
5465,3
5466,0
5467,2
5468,8
5469,4
5470,8
5471,7
5472,7
5473,3
5474,9
5475,0
5476,1
5477,5
5478,1
5479,4
5480,1
5481,8
5482,9
5483,8
5484,7
5485,8
5486,6
5487,0
5488,7
5489,8
5490,8
5491,8
5492,7
5493,3
5494,8
5495,7
5496,8
5497,6
5498,1
5499,5
5500,2
5501,8
5502,0
5503,0
5504,6
5505,7
5506,0
5507,9
5508,6
5509,7
5510,8
5511,3
5512,9
5513,5
5514,6
5515,1
5516,6
5517,5
5518,5
5519,5
5520,9
5521,0
5522,5
5523,4
5524,3
5525,2
5526,5
5527,0
5528,0
5529,1
5530,7
5531,4
5532,9
5533,3
5534,8
5535,7
5536,4
5537,4
5538,0
5539,9
5540,3
5541,9
5542,5
5543,6
5544,0
5545,0
5546,8
5547,6
5548,5
5549,1
5550,0
5551,8
5552,3
5553,5
5554,9
5555,6
5556,1
5557,9
5558,0
5559,2
5560,9
5561,6
5562,7
5563,1
5564,2
5565,8
5566,6
5567,8
5568,3
5569,8
5570,5
5571,3
5572,1
5573,9
5574,5
5575,1
5576,3
5577,3
5578,5
5579,7
5580,2
5581,0
5582,8
5583,4
5584,3
5585,1
5586,5
5587,7
5588,2
5589,0
5590,5
5591,1
5592,1
5593,7
5594,3
5595,9
5596,8
5597,4
5598,8
5599,2
5600,3
5601,9
5602,9
5603,5
5604,7
5605,8
5606,4
5607,7
5608,4
5609,3
5610,0
5611,7
5612,3
5613,2
5614,8
5615,5
5616,7
5617,3
5618,8
5619,2
5620,8
5621,5
5622,9
5623,6
5624,0
5625,1
5626,3
5627,6
5628,9
5629,9
5630,3
5631,8
5632,2
5633,3
5634,8
5635,5
5636,5
5637,9
5638,4
5639,9
5640,7
5641,7
5642,7
5643,1
5644,0
5645,7
5646,7
5647,7
5648,1
5649,7
5650,6
5651,1
5652,4
5653,7
5654,7
5655,5
5656,9
5657,3
5658,8
5659,3
5660,7
5661,4
5662,3
5663,6
5664,8
5665,1
5666,2
5667,2
5668,3
5669,8
5670,4
5671,6
5672,4
5673,5
5674,7
5675,3
5676,9
5677,3
5678,1
5679,7
5680,9
5681,0
5682,6
5683,2
5684,1
5685,7
5686,6
5687,6
5688,2
5689,1
5690,4
5691,8
5692,7
5693,8
5694,8
5695,7
5696,7
5697,6
5698,4
5699,7
5700,3
5701,1
5702,0
5703,9
5704,5
5705,3
5706,4
5707,9
5708,5
5709,8
5710,6
5711,4
5712,7
5713,2
5714,7
5715,3
5716,9
5717,3
5718,9
5719,3
5720,0
5721,5
5722,0
5723,3
5724,7
5725,5
5726,0
5727,3
5728,7
5729,1
5730,8
5731,0
5732,7
5733,2
5734,7
5735,9
5736,5
5737,3
5738,8
5739,6
5740,9
5741,6
5742,4
5743,2
5744,8
5745,2
5746,2
5747,1
5748,4
5749,7
5750,0
5751,4
5752,5
5753,9
5754,0
5755,2
5756,2
5757,8
5758,7
5759,8
5760,4
5761,6
5762,1
5763,4
5764,7
5765,8
5766,0
5767,5
5768,8
5769,2
5770,4
5771,0
5772,3
5773,0
5774,5
5775,0
5776,2
5777,5
5778,0
5779,3
5780,7
5781,2
5782,5
5783,6
5784,6
5785,5
5786,6
5787,4
5788,1
5789,7
5790,7
5791,3
5792,2
5793,5
5794,1
5795,6
5796,7
5797,6
5798,4
5799,4
5800,4
5801,2
5802,6
5803,6
5804,2
5805,9
5806,1
5807,8
5808,9
5809,3
5810,6
5811,5
5812,2
5813,2
5814,9
5815,8
5816,2
5817,9
5818,9
5819,7
5820,1
5821,1
5822,1
5823,1
5824,6
5825,5
5826,5
5827,1
5828,2
5829,3
5830,0
5831,6
5832,5
5833,3
5834,8
5835,0
5836,8
5837,3
5838,0
5839,7
5840,3
5841,8
5842,9
5843,6
5844,0
5845,7
5846,5
5847,0
5848,9
5849,1
5850,5
5851,0
5852,6
5853,0
5854,6
5855,4
5856,2
5857,2
5858,2
5859,7
5860,2
5861,8
5862,7
5863,6
5864,3
5865,2
5866,4
5867,6
5868,9
5869,4
5870,2
5871,3
5872,2
5873,7
5874,6
5875,4
5876,2
5877,6
5878,6
5879,4
5880,4
5881,5
5882,4
5883,4
5884,6
5885,7
5886,0
5887,3
5888,7
5889,8
5890,4
5891,0
5892,4
5893,9
5894,1
5895,8
5896,4
5897,8
5898,4
5899,4
5900,8
5901,1
5902,0
5903,1
5904,3
5905,3
5906,5
5907,8
5908,3
5909,3
5910,0
5911,1
5912,9
5913,2
5914,7
5915,1
5916,4
5917,2
5918,4
5919,2
5920,5
5921,7
5922,3
5923,8
5924,8
5925,5
5926,5
5927,7
5928,1
5929,1
5930,5
5931,8
5932,8
5933,8
5934,0
5935,8
5936,8
5937,6
5938,7
5939,1
5940,2
5941,9
5942,3
5943,3
5944,0
5945,7
5946,0
5947,2
5948,4
5949,1
5950,6
5951,1
5952,4
5953,9
5954,8
5955,5
5956,1
5957,5
5958,7
5959,9
5960,1
5961,5
5962,5
5963,8
5964,3
5965,3
5966,0
5967,8
5968,1
5969,1
5970,8
5971,2
5972,2
5973,3
5974,8
5975,5
5976,6
5977,0
5978,4
5979,6
5980,1
5981,3
5982,2
5983,6
5984,6
5985,3
5986,5
5987,7
5988,3
5989,1
5990,9
5991,6
5992,7
5993,7
5994,5
5995,6
5996,1
5997,1
5998,5
5999,4
6000,0
6001,7
6002,7
6003,0
6004,0
6005,4
6006,5
6007,2
6008,6
6009,2
6010,7
6011,4
6012,0
6013,6
6014,1
6015,6
6016,1
6017,1
6018,5
6019,8
6020,3
6021,4
6022,5
6023,0
6024,0
6025,5
6026,2
6027,3
6028,5
6029,3
6030,7
6031,9
6032,0
6033,6
6034,8
6035,6
6036,3
6037,0
6038,1
6039,1
6040,1
6041,1
6042,3
6043,0
6044,4
6045,4
6046,6
6047,5
6048,0
6049,1
6050,4
6051,4
6052,2
6053,2
6054,7
6055,4
6056,2
6057,1
6058,8
6059,2
6060,4
6061,1
6062,3
6063,7
6064,4
6065,8
6066,5
6067,4
6068,1
6069,1
6070,0
6071,8
6072,3
6073,2
6074,2
6075,3
6076,8
6077,4
6078,0
6079,7
6080,9
6081,9
6082,1
6083,0
6084,6
6085,0
6086,5
6087,5
6088,1
6089,0
6090,2
6091,7
6092,2
6093,6
6094,5
6095,5
6096,2
6097,0
6098,7
6099,7
6100,8
6101,4
6102,5
6103,0
6104,2
6105,1
6106,0
6107,7
6108,4
6109,8
6110,1
6111,6
6112,9
6113,0
6114,2
6115,7
6116,2
6117,2
6118,8
6119,3
6120,0
6121,6
6122,5
6123,4
6124,5
6125,3
6126,2
6127,6
6128,1
6129,0
6130,5
6131,8
6132,8
6133,4
6134,3
6135,6
6136,1
6137,6
6138,1
6139,8
6140,7
6141,9
6142,0
6143,1
6144,8
6145,9
6146,1
6147,6
6148,0
6149,9
6150,8
6151,7
6152,5
6153,5
6154,8
6155,4
6156,2
6157,0
6158,3
6159,9
6160,9
6161,1
6162,7
6163,0
6164,1
6165,8
6166,8
6167,9
6168,3
6169,9
6170,6
6171,2
6172,9
6173,7
6174,0
6175,7
6176,7
6177,9
6178,4
6179,6
6180,9
6181,4
6182,4
6183,3
6184,9
6185,1
6186,7
6187,9
6188,9
6189,9
6190,9
6191,9
6192,7
6193,9
6194,6
6195,6
6196,9
6197,1
6198,1
6199,4
6200,0
6201,1
6202,6
6203,1
6204,1
6205,0
6206,5
6207,7
6208,5
6209,5
6210,6
6211,8
6212,8
6213,8
6214,9
6215,4
6216,8
6217,0
6218,2
6219,8
6220,0
6221,9
6222,5
6223,0
6224,5
6225,2
6226,4
6227,4
6228,2
6229,8
6230,1
6231,5
6232,4
6233,2
6234,4
6235,9
6236,6
6237,7
6238,0
6239,8
6240,4
6241,3
6242,2
6243,4
6244,6
6245,3
6246,4
6247,0
6248,9
6249,1
6250,1
6251,8
6252,6
6253,2
6254,8
6255,8
6256,0
6257,1
6258,9
6259,9
6260,4
6261,9
6262,2
6263,9
6264,3
6265,9
6266,4
6267,1
6268,8
6269,5
6270,8
6271,3
6272,3
6273,6
6274,9
6275,3
6276,9
6277,2
6278,5
6279,5
6280,3
6281,5
6282,7
6283,7
6284,9
6285,8
6286,3
6287,3
6288,1
6289,4
6290,9
6291,8
6292,2
6293,8
6294,4
6295,6
6296,6
6297,1
6298,8
6299,9
6300,5
6301,7
6302,9
6303,0
6304,2
6305,9
6306,2
6307,6
6308,5
6309,0
6310,6
6311,7
6312,0
6313,8
6314,9
6315,4
6316,1
6317,0
6318,5
6319,7
6320,5
6321,4
6322,5
6323,0
6324,2
6325,2
6326,2
6327,8
6328,2
6329,0
6330,7
6331,2
6332,6
6333,1
6334,9
6335,4
6336,1
6337,2
6338,1
6339,8
6340,7
6341,5
6342,1
6343,2
6344,5
6345,6
6346,4
6347,5
6348,7
6349,9
6350,0
6351,9
6352,4
6353,0
6354,6
6355,4
6356,2
6357,0
6358,3
6359,9
6360,6
6361,6
6362,7
6363,7
6364,4
6365,1
6366,1
6367,3
6368,2
6369,8
6370,9
6371,1
6372,5
6373,4
6374,1
6375,5
6376,6
6377,2
6378,1
6379,2
6380,6
6381,1
6382,6
6383,3
6384,9
6385,8
6386,5
6387,6
6388,0
6389,9
6390,5
6391,2
6392,0
6393,3
6394,6
6395,0
6396,9
6397,6
6398,6
6399,9
6400,8
6401,9
6402,3
6403,3
6404,8
6405,4
6406,0
6407,5
6408,5
6409,1
6410,5
6411,7
6412,9
6413,1
6414,8
6415,5
6416,7
6417,7
6418,5
6419,2
6420,5
6421,1
6422,4
6423,4
6424,9
6425,0
6426,3
6427,8
6428,8
6429,7
6430,4
6431,4
6432,2
6433,8
6434,6
6435,4
6436,4
6437,1
6438,7
6439,4
6440,8
6441,3
6442,0
6443,1
6444,6
6445,2
6446,5
6447,3
6448,5
6449,7
6450,9
6451,4
6452,0
6453,0
6454,2
6455,6
6456,2
6457,4
6458,9
6459,2
6460,6
6461,7
6462,6
6463,7
6464,3
6465,6
6466,5
6467,1
6468,2
6469,3
6470,7
6471,7
6472,1
6473,3
6474,0
6475,7
6476,2
6477,4
6478,0
6479,2
6480,9
6481,0
6482,5
6483,1
6484,1
6485,9
6486,6
6487,2
6488,1
6489,5
6490,9
6491,7
6492,5
6493,8
6494,2
6495,7
6496,5
6497,8
6498,8
6499,7
6500,3
6501,3
6502,6
6503,8
6504,4
6505,8
6506,6
6507,0
6508,9
6509,2
6510,1
6511,5
6512,7
6513,5
6514,3
6515,8
6516,8
6517,1
6518,0
6519,7
6520,0
6521,9
6522,4
6523,8
6524,4
6525,8
6526,3
6527,8
6528,7
6529,2
6530,3
6531,9
6532,7
6533,1
6534,3
6535,2
6536,3
6537,9
6538,2
6539,9
6540,1
6541,2
6542,0
6543,6
6544,7
6545,7
6546,2
6547,9
6548,5
6549,4
6550,8
6551,2
6552,7
6553,1
6554,7
6555,6
6556,0
6557,8
6558,0
6559,1
6560,4
6561,8
6562,6
6563,8
6564,4
6565,2
6566,9
6567,7
6568,6
6569,9
6570,6
6571,3
6572,2
6573,2
6574,7
6575,5
6576,3
6577,7
6578,5
6579,1
6580,3
6581,4
6582,8
6583,6
6584,1
6585,3
6586,0
6587,7
6588,8
6589,3
6590,8
6591,5
6592,9
6593,9
6594,1
6595,7
6596,0
6597,1
6598,8
6599,3
6600,8
6601,2
6602,5
6603,8
6604,3
6605,5
6606,8
6607,7
6608,2
6609,9
6610,4
6611,0
6612,1
6613,9
6614,8
6615,6
6616,1
6617,2
6618,1
6619,4
6620,7
6621,0
6622,1
6623,7
6624,5
6625,4
6626,5
6627,3
6628,3
6629,3
6630,7
6631,8
6632,7
6633,8
6634,8
6635,2
6636,2
6637,1
6638,8
6639,4
6640,5
6641,2
6642,7
6643,9
6644,7
6645,8
6646,0
6647,0
6648,5
6649,9
6650,3
6651,4
6652,4
6653,9
6654,0
6655,5
6656,9
6657,3
6658,9
6659,4
6660,5
6661,7
6662,2
6663,8
6664,6
6665,0
6666,4
6667,5
6668,5
6669,1
6670,0
6671,1
6672,1
6673,8
6674,0
6675,5
6676,3
6677,8
6678,0
6679,8
6680,6
6681,3
6682,2
6683,6
6684,2
6685,5
6686,7
6687,0
6688,8
6689,7
6690,0
6691,1
6692,4
6693,3
6694,9
6695,2
6696,0
6697,5
6698,3
6699,8
6700,2
6701,8
6702,1
6703,8
6704,3
6705,9
6706,9
6707,5
6708,3
6709,1
6710,7
6711,2
6712,2
6713,6
6714,7
6715,6
6716,5
6717,8
6718,8
6719,2
6720,5
6721,2
6722,4
6723,5
6724,5
6725,0
6726,2
6727,2
6728,5
6729,1
6730,3
6731,7
6732,6
6733,5
6734,5
6735,7
6736,8
6737,8
6738,2
6739,0
6740,2
6741,0
6742,7
6743,1
6744,8
6745,8
6746,8
6747,4
6748,6
6749,2
6750,8
6751,9
6752,4
6753,3
6754,0
6755,3
6756,2
6757,2
6758,3
6759,9
6760,9
6761,3
6762,5
6763,9
6764,1
6765,7
6766,0
6767,9
6768,4
6769,1
6770,8
6771,1
6772,0
6773,6
6774,1
6775,7
6776,4
6777,8
6778,4
6779,8
6780,6
6781,0
6782,0
6783,0
6784,9
6785,8
6786,3
6787,1
6788,8
6789,2
6790,5
6791,9
6792,3
6793,3
6794,7
6795,2
6796,7
6797,3
6798,3
6799,1
6800,4
6801,3
6802,6
6803,3
6804,3
6805,0
6806,1
6807,5
6808,1
6809,5
6810,5
6811,8
6812,5
6813,7
6814,7
6815,8
6816,2
6817,9
6818,4
6819,0
6820,7
6821,6
6822,0
6823,2
6824,2
6825,1
6826,3
6827,4
6828,9
6829,5
6830,7
6831,4
6832,8
6833,2
6834,2
6835,3
6836,6
6837,1
6838,7
6839,1
6840,7
6841,7
6842,5
6843,5
6844,2
6845,9
6846,6
6847,9
6848,8
6849,4
6850,2
6851,9
6852,3
6853,7
6854,8
6855,2
6856,7
6857,5
6858,1
6859,3
6860,4
6861,6
6862,1
6863,1
6864,9
6865,4
6866,3
6867,4
6868,2
6869,8
6870,7
6871,1
6872,3
6873,4
6874,3
6875,4
6876,2
6877,8
6878,2
6879,4
6880,4
6881,5
6882,2
6883,6
6884,5
6885,3
6886,8
6887,5
6888,4
6889,2
6890,0
6891,0
6892,8
6893,0
6894,2
6895,0
6896,7
6897,8
6898,8
6899,1
6900,9
6901,4
6902,4
6903,5
6904,7
6905,2
6906,4
6907,0
6908,7
6909,2
6910,0
6911,7
6912,5
6913,6
6914,2
6915,1
6916,9
6917,2
6918,5
6919,3
6920,4
6921,0
6922,1
6923,9
6924,5
6925,8
6926,1
6927,2
6928,9
6929,2
6930,5
6931,9
6932,1
6933,8
6934,4
6935,1
6936,6
6937,0
6938,5
6939,1
6940,7
6941,5
6942,2
6943,1
6944,8
6945,8
6946,9
6947,0
6948,7
6949,8
6950,1
6951,5
6952,2
6953,0
6954,8
6955,7
6956,4
6957,3
6958,6
6959,3
6960,9
6961,8
6962,4
6963,5
6964,4
6965,4
6966,8
6967,1
6968,4
6969,5
6970,4
6971,5
6972,2
6973,1
6974,8
6975,6
6976,9
6977,5
6978,2
6979,2
6980,3
6981,5
6982,5
6983,6
6984,0
6985,1
6986,1
6987,4
6988,9
6989,7
6990,7
6991,1
6992,0
6993,3
6994,3
6995,9
6996,4
6997,8
6998,1
6999,0
7000,9
7001,2
7002,3
7003,7
7004,0
7005,5
7006,5
7007,8
7008,5
7009,5
7010,7
7011,6
7012,4
7013,7
7014,0
7015,6
7016,8
7017,2
7018,2
7019,9
7020,4
7021,0
7022,8
7023,5
7024,5
7025,7
7026,2
7027,2
7028,3
7029,9
7030,6
7031,4
7032,5
7033,1
7034,1
7035,9
7036,0
7037,3
7038,2
7039,3
7040,3
7041,8
7042,5
7043,0
7044,8
7045,8
7046,5
7047,0
7048,4
7049,2
7050,3
7051,6
7052,3
7053,8
7054,8
7055,0
7056,9
7057,8
7058,7
7059,1
7060,6
7061,0
7062,5
7063,6
7064,1
7065,1
7066,0
7067,2
7068,2
7069,2
7070,9
7071,2
7072,1
7073,3
7074,5
7075,7
7076,7
7077,7
7078,8
7079,3
7080,3
7081,4
7082,8
7083,4
7084,8
7085,0
7086,0
7087,5
7088,4
7089,7
7090,9
7091,5
7092,4
7093,2
7094,0
7095,7
7096,5
7097,0
7098,4
7099,1
7100,7
7101,8
7102,4
7103,8
7104,6
7105,4
7106,5
7107,4
7108,8
7109,9
7110,8
7111,7
7112,2
7113,5
7114,5
7115,4
7116,8
7117,4
7118,8
7119,5
7120,4
7121,6
7122,6
7123,8
7124,0
7125,5
7126,1
7127,8
7128,8
7129,3
7130,5
7131,0
7132,4
7133,0
7134,2
7135,4
7136,0
7137,5
7138,9
7139,0
7140,9
7141,3
7142,5
7143,4
7144,7
7145,3
7146,9
7147,4
7148,9
7149,7
7150,2
7151,1
7152,8
7153,1
7154,7
7155,3
7156,5
7157,5
7158,2
7159,4
7160,3
7161,5
7162,0
7163,7
7164,3
7165,1
7166,7
7167,8
7168,4
7169,9
7170,9
7171,2
7172,1
7173,4
7174,7
7175,8
7176,0
7177,1
7178,8
7179,0
7180,3
7181,9
7182,1
7183,1
7184,5
7185,2
7186,7
7187,5
7188,3
7189,7
7190,4
7191,2
7192,9
7193,2
7194,9
7195,0
7196,7
7197,0
7198,9
7199,3
7200,1
7201,0
7202,5
7203,0
7204,2
7205,5
7206,4
7207,8
7208,8
7209,5
7210,0
7211,5
7212,7
7213,8
7214,9
7215,8
7216,1
7217,1
7218,3
7219,7
7220,4
7221,2
7222,2
7223,0
7224,5
7225,9
7226,5
7227,8
7228,1
7229,3
7230,1
7231,4
7232,3
7233,8
7234,3
7235,3
7236,0
7237,0
7238,6
7239,8
7240,5
7241,4
7242,1
7243,3
7244,2
7245,7
7246,4
7247,3
7248,3
7249,5
7250,7
7251,7
7252,3
7253,1
7254,0
7255,9
7256,7
7257,4
7258,8
7259,8
7260,4
7261,9
7262,8
7263,5
7264,6
7265,2
7266,1
7267,3
7268,3
7269,2
7270,9
7271,2
7272,1
7273,5
7274,7
7275,0
7276,1
7277,2
7278,8
7279,3
7280,0
7281,9
7282,8
7283,9
7284,7
7285,4
7286,4
7287,6
7288,1
7289,9
7290,1
7291,6
7292,7
7293,2
7294,5
7295,6
7296,4
7297,6
7298,7
7299,8
7300,7
7301,0
7302,2
7303,3
7304,1
7305,6
7306,1
7307,7
7308,2
7309,3
7310,9
7311,3
7312,2
7313,8
7314,6
7315,9
7316,1
7317,0
7318,1
7319,6
7320,9
7321,2
7322,5
7323,3
7324,1
7325,8
7326,6
7327,8
7328,9
7329,6
7330,0
7331,4
7332,4
7333,4
7334,3
7335,9
7336,8
7337,8
7338,4
7339,2
7340,0
7341,4
7342,5
7343,8
7344,9
7345,8
7346,7
7347,4
7348,1
7349,7
7350,6
7351,5
7352,4
7353,1
7354,4
7355,0
7356,8
7357,9
7358,3
7359,4
7360,9
7361,1
7362,3
7363,4
7364,4
7365,0
7366,3
7367,2
7368,4
7369,1
7370,4
7371,3
7372,1
7373,9
7374,3
7375,2
7376,9
7377,6
7378,2
7379,7
7380,7
7381,1
7382,5
7383,0
7384,0
7385,5
7386,6
7387,2
7388,3
7389,2
7390,1
7391,3
7392,9
7393,7
7394,5
7395,3
7396,2
7397,2
7398,2
7399,1
7400,1
7401,2
7402,1
7403,7
7404,3
7405,4
7406,2
7407,3
7408,7
7409,8
7410,1
7411,3
7412,6
7413,1
7414,6
7415,3
7416,9
7417,8
7418,8
7419,7
7420,8
7421,6
7422,6
7423,2
7424,7
7425,8
7426,5
7427,0
7428,1
7429,7
7430,3
7431,7
7432,3
7433,3
7434,9
7435,4
7436,4
7437,2
7438,5
7439,9
7440,5
7441,5
7442,5
7443,0
7444,5
7445,7
7446,9
7447,0
7448,0
7449,0
7450,3
7451,5
7452,0
7453,5
7454,1
7455,8
7456,7
7457,1
7458,8
7459,6
7460,5
7461,8
7462,4
7463,0
7464,1
7465,1
7466,4
7467,7
7468,5
7469,8
7470,2
7471,7
7472,7
7473,3
7474,3
7475,3
7476,5
7477,4
7478,9
7479,1
7480,7
7481,0
7482,2
7483,8
7484,5
7485,7
7486,7
7487,9
7488,0
7489,9
7490,1
7491,9
7492,7
7493,2
7494,7
7495,1
7496,6
7497,8
7498,3
7499,5
7500,1
7501,2
7502,8
7503,7
7504,2
7505,7
7506,6
7507,8
7508,2
7509,4
7510,0
7511,3
7512,5
7513,1
7514,9
7515,0
7516,4
7517,7
7518,8
7519,6
7520,8
7521,7
7522,9
7523,1
7524,5
7525,8
7526,5
7527,5
7528,3
7529,2
7530,4
7531,7
7532,6
7533,8
7534,7
7535,0
7536,6
7537,3
7538,0
7539,9
7540,7
7541,3
7542,5
7543,3
7544,7
7545,9
7546,7
7547,8
7548,7
7549,2
7550,6
7551,9
7552,5
7553,2
7554,4
7555,7
7556,4
7557,9
7558,9
7559,0
7560,9
7561,3
7562,6
7563,2
7564,4
7565,6
7566,7
7567,9
7568,3
7569,2
7570,0
7571,5
7572,9
7573,3
7574,1
7575,4
7576,1
7577,0
7578,9
7579,6
7580,6
7581,9
7582,7
7583,8
7584,9
7585,4
7586,3
7587,5
7588,0
7589,1
7590,3
7591,5
7592,0
7593,8
7594,7
7595,7
7596,3
7597,0
7598,1
7599,4
7600,7
7601,3
7602,5
7603,5
7604,0
7605,8
7606,2
7607,7
7608,5
7609,8
7610,9
7611,0
7612,1
7613,8
7614,2
7615,7
7616,4
7617,4
7618,2
7619,0
7620,1
7621,4
7622,4
7623,9
7624,5
7625,3
7626,9
7627,5
7628,7
7629,0
7630,9
7631,4
7632,2
7633,7
7634,0
7635,0
7636,0
7637,1
7638,2
7639,4
7640,6
7641,6
7642,5
7643,8
7644,1
7645,0
7646,8
7647,4
7648,5
7649,6
7650,4
7651,9
7652,5
7653,6
7654,2
7655,1
7656,0
7657,6
7658,1
7659,5
7660,5
7661,2
7662,2
7663,3
7664,6
7665,7
7666,1
7667,1
7668,9
7669,0
7670,5
7671,5
7672,0
7673,7
7674,1
7675,6
7676,7
7677,6
7678,0
7679,2
7680,5
7681,8
7682,8
7683,4
7684,4
7685,9
7686,6
7687,3
7688,8
7689,5
7690,9
7691,8
7692,9
7693,3
7694,9
7695,3
7696,2
7697,4
7698,0
7699,5
7700,2
7701,5
7702,1
7703,1
7704,4
7705,2
7706,3
7707,4
7708,2
7709,6
7710,4
7711,6
7712,7
7713,9
7714,3
7715,3
7716,3
7717,7
7718,6
7719,8
7720,1
7721,7
7722,2
7723,1
7724,6
7725,6
7726,5
7727,6
7728,0
7729,3
7730,3
7731,6
7732,6
7733,0
7734,7
7735,7
7736,9
7737,4
7738,8
7739,3
7740,1
7741,8
7742,1
7743,7
7744,4
7745,0
7746,1
7747,8
7748,9
7749,1
7750,8
7751,9
7752,0
7753,1
7754,9
7755,9
7756,5
7757,1
7758,6
7759,1
7760,5
7761,4
7762,0
7763,8
7764,4
7765,8
7766,1
7767,2
7768,3
7769,8
7770,9
7771,2
7772,4
7773,4
7774,6
7775,7
7776,1
7777,9
7778,4
7779,2
7780,8
7781,7
7782,5
7783,2
7784,2
7785,8
7786,3
7787,3
7788,5
7789,3
7790,8
7791,2
7792,7
7793,8
7794,4
7795,5
7796,6
7797,8
7798,8
7799,9
7800,4
7801,8
7802,6
7803,0
7804,4
7805,6
7806,7
7807,5
7808,9
7809,9
7810,9
7811,4
7812,3
7813,2
7814,6
7815,2
7816,0
7817,6
7818,3
7819,5
7820,2
7821,4
7822,7
7823,2
7824,3
7825,0
7826,1
7827,9
7828,4
7829,1
7830,7
7831,4
7832,7
7833,3
7834,1
7835,2
7836,3
7837,8
7838,3
7839,0
7840,4
7841,5
7842,5
7843,1
7844,2
7845,5
7846,0
7847,0
7848,4
7849,3
7850,0
7851,9
7852,4
7853,8
7854,2
7855,5
7856,7
7857,2
7858,0
7859,9
7860,3
7861,1
7862,1
7863,1
7864,5
7865,2
7866,0
7867,4
7868,9
7869,5
7870,8
7871,8
7872,3
7873,2
7874,9
7875,3
7876,9
7877,4
7878,7
7879,7
7880,6
7881,8
7882,6
7883,6
7884,5
7885,4
7886,0
7887,0
7888,1
7889,6
7890,8
7891,6
7892,5
7893,5
7894,8
7895,7
7896,9
7897,3
7898,1
7899,8
7900,0
7901,3
7902,8
7903,2
7904,5
7905,7
7906,5
7907,1
7908,7
7909,5
7910,9
7911,0
7912,8
7913,0
7914,3
7915,4
7916,0
7917,9
7918,8
7919,9
7920,4
7921,4
7922,1
7923,7
7924,7
7925,4
7926,7
7927,1
7928,2
7929,7
7930,3
7931,4
7932,5
7933,5
7934,6
7935,2
7936,5
7937,0
7938,7
7939,3
7940,9
7941,5
7942,9
7943,7
7944,0
7945,0
7946,8
7947,6
7948,2
7949,3
7950,3
7951,6
7952,7
7953,9
7954,9
7955,6
7956,0
7957,4
7958,7
7959,0
7960,1
7961,2
7962,8
7963,7
7964,8
7965,3
7966,4
7967,0
7968,9
7969,4
7970,3
7971,9
7972,3
7973,9
7974,4
7975,5
7976,9
7977,9
7978,1
7979,5
7980,5
7981,4
7982,6
7983,1
7984,6
7985,5
7986,6
7987,3
7988,7
7989,7
7990,4
7991,3
7992,6
7993,6
7994,4
7995,0
7996,1
7997,1
7998,3
7999,3
8000,7
8001,8
8002,8
8003,1
8004,2
8005,1
8006,8
8007,8
8008,7
8009,3
8010,9
8011,5
8012,4
8013,3
8014,8
8015,9
8016,8
8017,4
8018,6
8019,5
8020,1
8021,2
8022,7
8023,1
8024,9
8025,5
8026,3
8027,5
8028,1
8029,9
8030,6
8031,7
8032,7
8033,2
8034,6
8035,8
8036,8
8037,8
8038,4
8039,8
8040,0
8041,2
8042,4
8043,8
8044,6
8045,0
8046,3
8047,5
8048,6
8049,4
8050,8
8051,3
8052,2
8053,8
8054,5
8055,2
8056,3
8057,4
8058,4
8059,1
8060,5
8061,2
8062,5
8063,2
8064,0
8065,3
8066,3
8067,4
8068,4
8069,5
8070,8
8071,9
8072,5
8073,6
8074,5
8075,8
8076,2
8077,8
8078,0
8079,6
8080,2
8081,8
8082,1
8083,4
8084,0
8085,0
8086,4
8087,8
8088,5
8089,9
8090,7
8091,4
8092,0
8093,7
8094,9
8095,2
8096,0
8097,9
8098,4
8099,8
8100,2
8101,1
8102,9
8103,0
8104,4
8105,9
8106,4
8107,5
8108,5
8109,0
8110,9
8111,6
8112,3
8113,3
8114,7
8115,9
8116,4
8117,7
8118,1
8119,4
8120,5
8121,0
8122,4
8123,7
8124,3
8125,8
8126,5
8127,7
8128,1
8129,4
8130,9
8131,5
8132,2
8133,7
8134,2
8135,7
8136,0
8137,7
8138,6
8139,4
8140,2
8141,5
8142,0
8143,2
8144,0
8145,8
8146,7
8147,3
8148,2
8149,8
8150,3
8151,4
8152,8
8153,2
8154,8
8155,0
8156,5
8157,9
8158,6
8159,3
8160,8
8161,8
8162,3
8163,8
8164,6
8165,9
8166,8
8167,6
8168,2
8169,0
8170,4
8171,9
8172,1
8173,9
8174,9
8175,1
8176,1
8177,9
8178,6
8179,4
8180,3
8181,4
8182,4
8183,2
8184,4
8185,8
8186,6
8187,4
8188,1
8189,5
8190,3
8191,2
8192,4
8193,5
8194,6
8195,7
8196,2
8197,0
8198,7
8199,6
8200,5
8201,4
8202,3
8203,8
8204,5
8205,2
8206,4
8207,0
8208,6
8209,3
8210,0
8211,5
8212,0
8213,5
8214,6
8215,6
8216,7
8217,9
8218,4
8219,0
8220,3
8221,4
8222,1
8223,9
8224,3
8225,3
8226,8
8227,5
8228,0
8229,7
8230,9
8231,3
8232,2
8233,1
8234,9
8235,2
8236,2
8237,0
8238,8
8239,3
8240,5
8241,5
8242,1
8243,4
8244,4
8245,1
8246,3
8247,3
8248,8
8249,3
8250,1
8251,2
8252,9
8253,7
8254,2
8255,1
8256,5
8257,3
8258,8
8259,7
8260,3
8261,5
8262,3
8263,0
8264,6
8265,2
8266,9
8267,7
8268,5
8269,4
8270,6
8271,1
8272,2
8273,4
8274,5
8275,9
8276,7
8277,6
8278,5
8279,8
8280,7
8281,1
8282,5
8283,0
8284,6
8285,1
8286,2
8287,3
8288,4
8289,9
8290,3
8291,3
8292,2
8293,1
8294,0
8295,2
8296,3
8297,2
8298,9
8299,8
8300,9
8301,5
8302,9
8303,7
8304,1
8305,6
8306,0
8307,7
8308,2
8309,7
8310,9
8311,9
8312,2
8313,8
8314,5
8315,8
8316,3
8317,0
8318,1
8319,3
8320,8
8321,9
8322,4
8323,9
8324,5
8325,4
8326,5
8327,3
8328,9
8329,2
8330,4
8331,8
8332,3
8333,7
8334,8
8335,3
8336,1
8337,9
8338,1
8339,5
8340,3
8341,7
8342,5
8343,6
8344,0
8345,9
8346,2
8347,5
8348,3
8349,6
8350,6
8351,7
8352,9
8353,3
8354,4
8355,2
8356,6
8357,8
8358,5
8359,0
8360,0
8361,6
8362,4
8363,0
8364,1
8365,8
8366,3
8367,3
8368,3
8369,0
8370,1
8371,0
8372,8
8373,8
8374,7
8375,8
8376,2
8377,3
8378,5
8379,1
8380,0
8381,7
8382,7
8383,6
8384,4
8385,5
8386,8
8387,9
8388,8
8389,1
8390,8
8391,7
8392,6
8393,3
8394,8
8395,8
8396,2
8397,8
8398,7
8399,8
8400,9
8401,5
8402,0
8403,1
8404,0
8405,7
8406,8
8407,4
8408,1
8409,0
8410,9
8411,3
8412,0
8413,5
8414,3
8415,2
8416,6
8417,4
8418,4
8419,0
8420,7
8421,3
8422,6
8423,1
8424,9
8425,5
8426,8
8427,9
8428,9
8429,0
8430,5
8431,2
8432,0
8433,5
8434,5
8435,5
8436,4
8437,1
8438,4
8439,6
8440,0
8441,6
8442,7
8443,2
8444,6
8445,2
8446,8
8447,8
8448,6
8449,6
8450,6
8451,9
8452,4
8453,9
8454,3
8455,0
8456,4
8457,9
8458,0
8459,8
8460,4
8461,1
8462,8
8463,5
8464,7
8465,2
8466,5
8467,8
8468,9
8469,4
8470,4
8471,7
8472,7
8473,5
8474,7
8475,7
8476,3
8477,1
8478,9
8479,9
8480,0
8481,5
8482,3
8483,5
8484,4
8485,7
8486,9
8487,5
8488,5
8489,9
8490,2
8491,8
8492,7
8493,1
8494,7
8495,1
8496,0
8497,2
8498,2
8499,0
8500,5
8501,4
8502,9
8503,5
8504,1
8505,4
8506,1
8507,4
8508,9
8509,3
8510,7
8511,9
8512,5
8513,7
8514,3
8515,7
8516,2
8517,2
8518,9
8519,0
8520,2
8521,4
8522,0
8523,5
8524,0
8525,4
8526,9
8527,9
8528,3
8529,9
8530,6
8531,0
8532,1
8533,2
8534,0
8535,7
8536,0
8537,7
8538,8
8539,6
8540,4
8541,7
8542,1
8543,5
8544,4
8545,3
8546,8
8547,6
8548,1
8549,5
8550,2
8551,8
8552,7
8553,4
8554,2
8555,2
8556,5
8557,2
8558,5
8559,4
8560,6
8561,4
8562,4
8563,8
8564,2
8565,2
8566,8
8567,3
8568,4
8569,6
8570,7
8571,5
8572,2
8573,8
8574,0
8575,3
8576,4
8577,0
8578,6
8579,1
8580,4
8581,1
8582,6
8583,8
8584,9
8585,0
8586,1
8587,1
8588,0
8589,2
8590,2
8591,8
8592,5
8593,5
8594,0
8595,2
8596,2
8597,3
8598,5
8599,1
8600,1
8601,0
8602,1
8603,3
8604,3
8605,3
8606,4
8607,3
8608,0
8609,4
8610,6
8611,9
8612,7
8613,3
8614,4
8615,4
8616,1
8617,6
8618,3
8619,3
8620,0
8621,5
8622,6
8623,8
8624,3
8625,3
8626,3
8627,6
8628,7
8629,9
8630,3
8631,3
8632,6
8633,1
8634,6
8635,0
8636,5
8637,3
8638,6
8639,6
8640,0
8641,3
8642,4
8643,9
8644,4
8645,2
8646,8
8647,8
8648,0
8649,1
8650,2
8651,3
8652,3
8653,5
8654,8
8655,9
8656,9
8657,3
8658,0
8659,6
8660,1
8661,0
8662,0
8663,4
8664,6
8665,2
8666,4
8667,4
8668,8
8669,8
8670,9
8671,8
8672,2
8673,5
8674,2
8675,8
8676,0
8677,3
8678,1
8679,9
8680,7
8681,0
8682,8
8683,1
8684,3
8685,2
8686,0
8687,9
8688,0
8689,0
8690,2
8691,2
8692,3
8693,7
8694,9
8695,3
8696,2
8697,7
8698,0
8699,2
8700,7
8701,0
8702,4
8703,9
8704,2
8705,5
8706,3
8707,7
8708,9
8709,8
8710,6
8711,2
8712,5
8713,0
8714,7
8715,6
8716,4
8717,3
8718,1
8719,6
8720,1
8721,9
8722,8
8723,8
8724,3
8725,5
8726,5
8727,8
8728,4
8729,7
8730,5
8731,3
8732,6
8733,9
8734,0
8735,0
8736,5
8737,6
8738,9
8739,9
8740,3
8741,4
8742,3
8743,1
8744,1
8745,0
8746,2
8747,5
8748,7
8749,9
8750,7
8751,4
8752,9
8753,1
8754,6
8755,0
8756,4
8757,6
8758,3
8759,8
8760,1
8761,5
8762,8
8763,8
8764,1
8765,9
8766,8
8767,0
8768,5
8769,8
8770,8
8771,3
8772,1
8773,9
8774,5
8775,2
8776,3
8777,1
8778,1
8779,9
8780,9
8781,3
8782,3
8783,9
8784,1
8785,4
8786,0
8787,0
8788,2
8789,6
8790,0
8791,3
8792,0
8793,4
8794,6
8795,0
8796,7
8797,0
8798,6
8799,9
8800,2
8801,6
8802,8
8803,4
8804,1
8805,5
8806,0
8807,3
8808,0
8809,9
8810,7
8811,9
8812,0
8813,7
8814,0
8815,3
8816,8
8817,6
8818,7
8819,0
8820,0
8821,2
8822,4
8823,3
8824,1
8825,2
8826,3
8827,2
8828,4
8829,0
8830,1
8831,9
8832,8
8833,8
8834,2
8835,0
8836,3
8837,0
8838,8
8839,1
8840,9
8841,6
8842,0
8843,8
8844,6
8845,0
8846,2
8847,3
8848,8
8849,8
8850,7
8851,5
8852,1
8853,3
8854,3
8855,0
8856,8
8857,9
8858,8
8859,5
8860,8
8861,5
8862,0
8863,4
8864,9
8865,2
8866,7
8867,6
8868,1
8869,6
8870,5
8871,7
8872,3
8873,9
8874,7
8875,6
8876,0
8877,7
8878,9
8879,7
8880,1
8881,1
8882,8
8883,2
8884,8
8885,8
8886,2
8887,7
8888,3
8889,8
8890,6
8891,4
8892,4
8893,5
8894,3
8895,2
8896,1
8897,1
8898,8
8899,2
8900,8
8901,4
8902,3
8903,2
8904,9
8905,2
8906,6
8907,7
8908,9
8909,4
8910,7
8911,1
8912,6
8913,6
8914,7
8915,0
8916,8
8917,7
8918,5
8919,8
8920,9
8921,2
8922,8
8923,9
8924,6
8925,3
8926,0
8927,1
8928,2
8929,5
8930,3
8931,0
8932,2
8933,9
8934,4
8935,1
8936,3
8937,6
8938,2
8939,4
8940,8
8941,2
8942,9
8943,2
8944,0
8945,2
8946,5
8947,9
8948,7
8949,1
8950,5
8951,5
8952,7
8953,9
8954,7
8955,4
8956,7
8957,4
8958,5
8959,9
8960,1
8961,9
8962,3
8963,3
8964,0
8965,4
8966,8
8967,6
8968,9
8969,6
8970,2
8971,4
8972,1
8973,0
8974,2
8975,9
8976,7
8977,3
8978,0
8979,8
8980,1
8981,0
8982,3
8983,2
8984,3
8985,3
8986,4
8987,7
8988,8
8989,4
8990,6
8991,7
8992,0
8993,3
8994,9
8995,4
8996,5
8997,2
8998,9
8999,1
9000,8
9001,8
9002,1
9003,1
9004,0
9005,1
9006,0
9007,8
9008,3
9009,5
9010,1
9011,7
9012,0
9013,3
9014,7
9015,6
9016,8
9017,9
9018,3
9019,9
9020,0
9021,2
9022,8
9023,2
9024,6
9025,7
9026,0
9027,5
9028,2
9029,7
9030,5
9031,0
9032,7
9033,2
9034,2
9035,0
9036,2
9037,0
9038,6
9039,2
9040,3
9041,0
9042,0
9043,0
9044,4
9045,3
9046,2
9047,1
9048,3
9049,5
9050,4
9051,1
9052,1
9053,9
9054,8
9055,2
9056,9
9057,1
9058,4
9059,8
9060,6
9061,1
9062,9
9063,9
9064,8
9065,3
9066,4
9067,8
9068,2
9069,4
9070,8
9071,2
9072,2
9073,1
9074,8
9075,3
9076,3
9077,0
9078,3
9079,7
9080,9
9081,3
9082,9
9083,5
9084,2
9085,0
9086,4
9087,1
9088,2
9089,0
9090,0
9091,6
9092,5
9093,1
9094,8
9095,5
9096,3
9097,5
9098,4
9099,8
9100,6
9101,4
9102,7
9103,2
9104,5
9105,8
9106,6
9107,6
9108,0
9109,1
9110,0
9111,9
9112,0
9113,2
9114,9
9115,8
9116,4
9117,8
9118,0
9119,4
9120,9
9121,5
9122,7
9123,7
9124,2
9125,0
9126,4
9127,8
9128,0
9129,6
9130,4
9131,6
9132,0
9133,7
9134,0
9135,2
9136,0
9137,4
9138,7
9139,8
9140,0
9141,8
9142,1
9143,5
9144,1
9145,5
9146,3
9147,8
9148,2
9149,2
9150,8
9151,8
9152,7
9153,3
9154,9
9155,1
9156,7
9157,7
9158,4
9159,2
9160,4
9161,2
9162,8
9163,6
9164,4
9165,4
9166,5
9167,5
9168,0
9169,2
9170,7
9171,0
9172,4
9173,3
9174,1
9175,8
9176,4
9177,3
9178,3
9179,5
9180,1
9181,9
9182,4
9183,2
9184,9
9185,9
9186,7
9187,5
9188,7
9189,8
9190,1
9191,2
9192,2
9193,4
9194,4
9195,4
9196,1
9197,1
9198,4
9199,4
9200,0
9201,7
9202,0
9203,1
9204,6
9205,4
9206,2
9207,6
9208,8
9209,3
9210,2
9211,6
9212,7
9213,4
9214,5
9215,7
9216,4
9217,6
9218,1
9219,2
9220,9
9221,2
9222,6
9223,0
9224,0
9225,5
9226,8
9227,3
9228,1
9229,7
9230,9
9231,4
9232,7
9233,6
9234,2
9235,3
9236,6
9237,9
9238,0
9239,1
9240,0
9241,7
9242,0
9243,7
9244,0
9245,1
9246,2
9247,2
9248,5
9249,4
9250,2
9251,1
9252,2
9253,9
9254,2
9255,4
9256,8
9257,7
9258,1
9259,9
9260,7
9261,8
9262,1
9263,2
9264,5
9265,4
9266,7
9267,4
9268,5
9269,3
9270,7
9271,2
9272,6
9273,8
9274,0
9275,4
9276,0
9277,3
9278,7
9279,7
9280,8
9281,5
9282,0
9283,1
9284,5
9285,2
9286,8
9287,5
9288,8
9289,8
9290,8
9291,9
9292,6
9293,7
9294,1
9295,3
9296,0
9297,0
9298,4
9299,3
9300,0
9301,6
9302,0
9303,9
9304,4
9305,1
9306,7
9307,0
9308,7
9309,8
9310,1
9311,2
9312,6
9313,4
9314,6
9315,5
9316,7
9317,5
9318,4
9319,1
9320,3
9321,5
9322,0
9323,6
9324,7
9325,5
9326,3
9327,0
9328,8
9329,0
9330,6
9331,2
9332,3
9333,0
9334,2
9335,2
9336,7
9337,0
9338,2
9339,0
9340,0
9341,7
9342,2
9343,5
9344,2
9345,5
9346,2
9347,3
9348,9
9349,9
9350,9
9351,6
9352,3
9353,2
9354,5
9355,4
9356,4
9357,5
9358,0
9359,2
9360,4
9361,5
9362,2
9363,2
9364,2
9365,5
9366,8
9367,0
9368,8
9369,1
9370,2
9371,3
9372,6
9373,2
9374,1
9375,9
9376,2
9377,0
9378,7
9379,7
9380,8
9381,5
9382,7
9383,3
9384,1
9385,2
9386,2
9387,5
9388,5
9389,1
9390,1
9391,7
9392,1
9393,5
9394,4
9395,4
9396,0
9397,9
9398,4
9399,6
9400,8
9401,1
9402,5
9403,8
9404,6
9405,6
9406,4
9407,1
9408,5
9409,6
9410,9
9411,0
9412,8
9413,6
9414,7
9415,9
9416,4
9417,1
9418,3
9419,3
9420,0
9421,8
9422,9
9423,3
9424,8
9425,5
9426,0
9427,9
9428,4
9429,4
9430,2
9431,3
9432,5
9433,5
9434,9
9435,0
9436,9
9437,8
9438,5
9439,0
9440,8
9441,8
9442,7
9443,3
9444,6
9445,5
9446,1
9447,8
9448,8
9449,5
9450,5
9451,2
9452,8
9453,5
9454,3
9455,3
9456,2
9457,1
9458,4
9459,2
9460,7
9461,4
9462,9
9463,7
9464,4
9465,8
9466,8
9467,3
9468,5
9469,4
9470,8
9471,3
9472,2
9473,3
9474,4
9475,3
9476,9
9477,7
9478,3
9479,3
9480,4
9481,9
9482,5
9483,9
9484,0
9485,9
9486,3
9487,6
9488,6
9489,1
9490,5
9491,8
9492,3
9493,2
9494,1
9495,7
9496,9
9497,8
9498,4
9499,6
9500,9
9501,7
9502,5
9503,1
9504,4
9505,8
9506,6
9507,5
9508,5
9509,9
9510,0
9511,5
9512,1
9513,9
9514,2
9515,2
9516,1
9517,3
9518,7
9519,6
9520,0
9521,4
9522,7
9523,4
9524,5
9525,3
9526,9
9527,9
9528,4
9529,0
9530,5
9531,8
9532,4
9533,0
9534,0
9535,1
9536,8
9537,9
9538,4
9539,2
9540,0
9541,3
9542,8
9543,0
9544,5
9545,3
9546,7
9547,7
9548,5
9549,6
9550,4
9551,9
9552,7
9553,3
9554,2
9555,9
9556,5
9557,3
9558,3
9559,2
9560,2
9561,7
9562,0
9563,8
9564,5
9565,5
9566,5
9567,7
9568,9
9569,4
9570,7
9571,2
9572,8
9573,5
9574,8
9575,0
9576,7
9577,6
9578,5
9579,1
9580,1
9581,2
9582,7
9583,7
9584,4
9585,0
9586,0
9587,2
9588,7
9589,7
9590,9
9591,7
9592,3
9593,4
9594,2
9595,5
9596,3
9597,9
9598,5
9599,6
9600,8
9601,5
9602,2
9603,5
9604,8
9605,7
9606,4
9607,7
9608,7
9609,1
9610,3
9611,2
9612,3
9613,7
9614,7
9615,8
9616,4
9617,8
9618,2
9619,1
9620,4
9621,6
9622,4
9623,9
9624,4
9625,6
9626,2
9627,4
9628,1
9629,9
9630,0
9631,3
9632,2
9633,8
9634,9
9635,2
9636,0
9637,0
9638,2
9639,5
9640,7
9641,0
9642,2
9643,7
9644,8
9645,7
9646,7
9647,0
9648,4
9649,5
9650,5
9651,8
9652,0
9653,4
9654,5
9655,3
9656,2
9657,6
9658,7
9659,9
9660,7
9661,9
9662,4
9663,1
9664,2
9665,5
9666,4
9667,1
9668,3
9669,3
9670,1
9671,8
9672,1
9673,1
9674,9
9675,6
9676,1
9677,1
9678,6
9679,1
9680,2
9681,4
9682,9
9683,7
9684,0
9685,9
9686,8
9687,9
9688,4
9689,8
9690,1
9691,6
9692,4
9693,9
9694,8
9695,1
9696,4
9697,3
9698,9
9699,6
9700,4
9701,3
9702,3
9703,2
9704,3
9705,9
9706,2
9707,4
9708,2
9709,4
9710,2
9711,4
9712,7
9713,7
9714,0
9715,7
9716,4
9717,2
9718,5
9719,8
9720,2
9721,1
9722,7
9723,6
9724,2
9725,6
9726,7
9727,1
9728,0
9729,6
9730,1
9731,1
9732,7
9733,5
9734,5
9735,8
9736,8
9737,4
9738,0
9739,3
9740,9
9741,4
9742,8
9743,0
9744,9
9745,3
9746,9
9747,0
9748,7
9749,4
9750,8
9751,9
9752,2
9753,2
9754,9
9755,3
9756,1
9757,4
9758,4
9759,9
9760,8
9761,8
9762,4
9763,4
9764,9
9765,9
9766,5
9767,0
9768,3
9769,1
9770,1
9771,1
9772,4
9773,6
9774,4
9775,3
9776,7
9777,9
9778,9
9779,9
9780,9
9781,6
9782,5
9783,3
9784,3
9785,5
9786,6
9787,5
9788,3
9789,4
9790,9
9791,5
9792,3
9793,7
9794,2
9795,8
9796,9
9797,7
9798,5
9799,1
9800,9
9801,1
9802,4
9803,9
9804,4
9805,5
9806,6
9807,9
9808,6
9809,8
9810,1
9811,8
9812,4
9813,1
9814,6
9815,3
9816,3
9817,1
9818,7
9819,4
9820,1
9821,6
9822,7
9823,0
9824,7
9825,3
9826,1
9827,0
9828,8
9829,6
9830,0
9831,0
9832,9
9833,7
9834,3
9835,8
9836,4
9837,0
9838,2
9839,2
9840,0
9841,9
9842,7
9843,8
9844,7
9845,4
9846,0
9847,2
9848,1
9849,9
9850,8
9851,6
9852,4
9853,9
9854,6
9855,7
9856,3
9857,2
9858,2
9859,1
9860,6
9861,6
9862,5
9863,6
9864,2
9865,5
9866,6
9867,5
9868,5
9869,8
9870,5
9871,7
9872,8
9873,3
9874,4
9875,1
9876,1
9877,6
9878,0
9879,9
9880,7
9881,2
9882,2
9883,1
9884,5
9885,3
9886,0
9887,7
9888,0
9889,2
9890,5
9891,1
9892,9
9893,3
9894,4
9895,3
9896,2
9897,1
9898,1
9899,4
9900,6
9901,8
9902,9
9903,9
9904,1
9905,4
9906,6
9907,3
9908,3
9909,1
9910,4
9911,5
9912,7
9913,1
9914,6
9915,8
9916,9
9917,8
9918,9
9919,7
9920,2
9921,4
9922,8
9923,3
9924,3
9925,4
9926,5
9927,9
9928,0
9929,7
9930,8
9931,1
9932,2
9933,3
9934,7
9935,7
9936,1
9937,0
9938,3
9939,1
9940,7
9941,9
9942,0
9943,3
9944,5
9945,9
9946,1
9947,6
9948,8
9949,2
9950,3
9951,4
9952,8
9953,7
9954,4
9955,9
9956,2
9957,9
9958,2
9959,4
9960,2
9961,5
9962,4
9963,4
9964,3
9965,0
9966,2
9967,0
9968,2
9969,2
9970,6
9971,4
9972,9
9973,7
9974,3
9975,5
9976,3
9977,7
9978,8
9979,4
9980,9
9981,2
9982,0
9983,5
9984,6
9985,2
9986,6
9987,4
9988,3
9989,6
9990,3
9991,6
9992,9
9993,5
9994,3
9995,8
9996,6
9997,6
9998,8
9999,2
